CdStationMesureEauxSurface,Température,pH,O2_dissous,Conductivité,MES,Turbidité,Carbone_org,Nitrates,Phosphore_total,Azote_Kjeldahl,Orthophosphates,Ammonium,Nitrites,DBO5,DCO,cluster
02000010,12.633333333333333,8.220833333333333,11.216666666666667,351.75,7.366666666666667,4.5408333333333335,1.925,5.733333333333333,0.0375,0.5083333333333333,0.06641666666666667,0.065,0.034166666666666665,1.5833333333333333,6.333333333333333,2
02000011,12.933333333333332,8.1,10.416666666666666,343.8333333333333,13.566666666666668,3.7000000000000006,1.9166666666666667,5.654545454545455,0.02666666666666667,0.5,0.06516666666666666,0.06833333333333334,0.043333333333333335,1.0999999999999999,7.0,2
02001000,10.928571428571429,7.742857142857143,9.1,647.0,26.557142857142857,17.742857142857144,2.6999999999999997,15.174999999999999,0.08285714285714287,0.5714285714285714,0.1717142857142857,0.09,0.09857142857142856,1.3,10.428571428571429,3
02001025,10.716666666666667,8.066666666666666,9.183333333333334,734.0,55.166666666666664,13.450000000000001,2.5333333333333337,34.14545454545455,0.09999999999999999,0.7166666666666667,0.2001666666666667,0.15666666666666665,0.18666666666666668,1.3499999999999999,14.833333333333334,3
02001050,12.725,8.195833333333333,10.433333333333334,361.25,50.65833333333333,2.9008333333333334,2.0166666666666666,5.875,0.0425,0.5499999999999999,0.04791666666666666,0.06666666666666667,0.06916666666666667,1.075,6.166666666666667,2
02001700,12.558333333333332,8.174999999999999,10.25,364.6666666666667,43.23333333333333,5.085833333333333,2.0416666666666665,5.958333333333333,0.03916666666666667,0.5583333333333333,0.05383333333333334,0.06666666666666667,0.0625,1.0333333333333334,5.833333333333333,2
02001715,15.615384615384615,8.153846153846153,9.853846153846153,385.46153846153845,6.1692307692307695,3.423076923076923,1.9142857142857144,8.716666666666667,0.024615384615384615,0.5,0.04085714285714286,0.07142857142857142,0.0642857142857143,1.0923076923076924,5.538461538461538,2
02001725,11.73076923076923,7.9653846153846155,9.207692307692309,482.7692307692308,12.476923076923075,5.3307692307692305,1.2307692307692308,10.076923076923077,0.023846153846153847,0.5,0.05053846153846154,0.06307692307692309,0.033846153846153845,0.9692307692307693,6.769230769230769,2
02001750,10.283333333333333,8.170833333333333,10.85,536.3333333333334,8.15,4.633333333333334,1.9333333333333333,11.125,0.03916666666666667,0.5,0.09325,0.05916666666666667,0.024999999999999998,1.2666666666666666,6.583333333333333,2
02002000,11.242857142857144,8.321428571428571,10.585714285714285,529.1428571428571,22.37142857142857,10.914285714285715,2.6,14.291666666666666,0.1142857142857143,0.5285714285714286,0.296,0.08142857142857143,0.1142857142857143,1.4428571428571428,10.0,2
02003100,10.741666666666667,8.079166666666667,10.608333333333333,705.0,13.950000000000001,6.908333333333334,2.733333333333333,26.291666666666668,0.1125,0.5416666666666666,0.28525,0.1675,0.18000000000000002,1.6083333333333334,8.5,2
02003200,10.261538461538462,8.165384615384616,10.846153846153847,611.6153846153846,46.57692307692308,5.056923076923076,2.5615384615384613,16.846153846153847,0.14461538461538462,0.676923076923077,0.3213076923076923,0.11384615384615385,0.13384615384615384,1.6923076923076923,11.692307692307692,2
02003350,10.057142857142855,8.1,11.0,444.14285714285717,7.914285714285714,6.357142857142857,2.7142857142857144,11.483333333333334,0.09428571428571429,0.5142857142857143,0.2267142857142857,0.12285714285714287,0.09142857142857143,1.6428571428571428,8.285714285714286,2
02003400,10.0,8.166666666666666,10.825000000000001,434.6666666666667,14.866666666666667,8.266666666666667,2.966666666666667,11.945454545454545,0.10833333333333334,0.6,0.21658333333333335,0.09250000000000001,0.11166666666666668,1.5999999999999999,10.083333333333334,2
02003800,10.169230769230769,8.038461538461538,10.546153846153846,440.0769230769231,23.23846153846154,14.123076923076923,3.8000000000000003,12.430769230769231,0.15692307692307692,0.7384615384615384,0.3525384615384616,0.14461538461538462,0.13076923076923078,1.8461538461538463,12.076923076923077,3
02004000,11.616666666666667,8.179166666666667,9.799999999999999,554.8333333333334,12.174999999999999,12.683333333333332,3.0833333333333335,15.558333333333332,0.145,0.625,0.34641666666666665,0.13416666666666668,0.1425,1.55,9.833333333333334,2
02004300,7.558333333333334,7.7,11.066666666666668,47.916666666666664,2.183333333333333,0.3433333333333333,1.2916666666666667,1.6166666666666665,0.010833333333333334,0.5,0.024916666666666667,0.05000000000000001,0.01,0.9416666666666668,5.5,0
02005700,10.275,7.5,11.166666666666666,153.75,10.708333333333334,2.271666666666667,1.925,4.666666666666667,0.030833333333333334,0.5916666666666667,0.06974999999999999,0.07083333333333335,0.025833333333333333,1.5666666666666667,10.333333333333334,0
02007000,12.318181818181818,8.113636363636363,10.200000000000001,392.0,21.87272727272727,7.5636363636363635,2.5272727272727273,9.418181818181818,0.08818181818181818,0.7181818181818183,0.18736363636363637,0.09181818181818181,0.08,1.6454545454545453,12.636363636363637,2
02009000,9.666666666666666,7.654166666666666,11.708333333333334,99.5,7.741666666666667,1.1033333333333333,2.15,2.6750000000000003,0.043333333333333335,0.5666666666666667,0.08433333333333333,0.06083333333333333,0.018333333333333333,1.1583333333333334,9.166666666666666,0
02010000,12.116666666666667,7.8374999999999995,11.516666666666666,279.6666666666667,11.508333333333333,1.6224999999999998,2.2416666666666667,4.0,0.07666666666666667,0.6833333333333332,0.18558333333333332,0.20083333333333334,0.045000000000000005,1.9166666666666667,11.416666666666666,2
02011000,11.591666666666667,8.05,11.275,319.6666666666667,10.0,2.339166666666667,2.441666666666667,4.541666666666667,0.08083333333333333,0.5750000000000001,0.1748333333333333,0.11166666666666668,0.049166666666666664,1.5,9.916666666666666,2
02013000,11.808333333333332,8.245833333333334,11.183333333333332,372.6666666666667,17.175,6.908333333333334,2.6083333333333334,8.049999999999999,0.07916666666666666,0.5666666666666667,0.1495,0.065,0.065,1.6666666666666667,10.5,2
02016050,9.328571428571427,7.6571428571428575,11.6,79.71428571428571,5.442857142857143,1.2571428571428573,1.8142857142857143,2.225,0.015714285714285715,0.5,0.040857142857142856,0.05285714285714286,0.01,1.1714285714285713,7.142857142857143,0
02017000,11.718181818181819,7.781818181818181,10.618181818181817,203.8181818181818,5.445454545454545,1.7172727272727273,2.7636363636363637,5.081818181818182,0.16818181818181818,0.6,0.452,0.16727272727272727,0.05,1.4909090909090907,9.818181818181818,2
02018000,11.62857142857143,8.035714285714286,10.385714285714286,288.85714285714283,6.3428571428571425,3.1957142857142853,3.142857142857143,8.063636363636364,0.14285714285714285,0.5142857142857143,0.33728571428571424,0.08142857142857143,0.10857142857142857,1.6142857142857143,8.857142857142858,2
02018500,11.983333333333334,8.025,10.9,404.0833333333333,16.208333333333332,5.783333333333334,2.4250000000000003,9.15,0.07083333333333333,0.5583333333333333,0.14225000000000002,0.0725,0.07416666666666667,1.45,9.75,2
02018780,7.1499999999999995,7.179166666666667,11.533333333333333,41.166666666666664,2.025,0.43166666666666664,2.5749999999999997,1.2333333333333334,0.015833333333333335,0.5,0.03308333333333333,0.05000000000000001,0.010833333333333334,0.9166666666666666,7.75,0
02019000,9.325000000000001,7.4750000000000005,11.791666666666666,89.16666666666667,4.216666666666667,1.5283333333333333,2.3583333333333334,2.591666666666667,0.03666666666666667,0.5,0.08391666666666668,0.050833333333333335,0.012499999999999999,1.2083333333333333,7.916666666666667,0
02019500,9.291666666666666,7.716666666666666,11.541666666666666,96.41666666666667,5.4750000000000005,2.0366666666666666,2.558333333333333,2.9333333333333336,0.04,0.5083333333333333,0.08241666666666667,0.050833333333333335,0.011666666666666667,1.0916666666666666,8.75,0
02020000,9.791666666666666,7.7749999999999995,11.266666666666666,161.25,9.875,3.6675,4.075,4.041666666666667,0.09416666666666666,0.5416666666666666,0.21525000000000002,0.09749999999999999,0.08,1.6916666666666667,14.083333333333334,0
02021000,10.557142857142859,7.664285714285714,11.557142857142859,173.85714285714286,7.371428571428572,2.2914285714285714,3.0142857142857147,3.5083333333333333,0.07428571428571429,0.5142857142857143,0.17442857142857143,0.060000000000000005,0.03428571428571429,1.2571428571428573,9.571428571428571,0
02021700,10.636363636363637,7.7,6.136363636363637,667.0909090909091,4.545454545454546,1.430909090909091,1.3545454545454545,9.799999999999999,0.022727272727272728,0.509090909090909,0.04281818181818182,0.051818181818181826,0.06818181818181818,0.890909090909091,6.2727272727272725,2
02022000,12.133333333333333,8.016666666666667,9.908333333333333,415.5,16.691666666666666,4.849166666666666,2.3583333333333334,9.666666666666666,0.075,0.5416666666666666,0.15441666666666667,0.09166666666666667,0.0825,1.1416666666666666,7.333333333333333,2
02022700,11.209090909090909,7.9818181818181815,9.627272727272727,408.45454545454544,12.9,4.509090909090909,2.4,8.745454545454546,0.07090909090909091,0.5363636363636364,0.14554545454545453,0.07454545454545454,0.060000000000000005,1.4181818181818182,8.909090909090908,2
02024000,9.508333333333333,7.766666666666667,10.908333333333333,176.83333333333334,4.766666666666667,1.8183333333333334,2.3000000000000003,4.008333333333334,0.04833333333333334,0.5,0.12891666666666665,0.05416666666666667,0.017499999999999998,1.2416666666666667,7.833333333333333,0
02025100,10.176923076923078,7.834615384615384,9.569230769230769,160.69230769230768,8.63076923076923,4.161538461538462,3.0461538461538464,3.8461538461538463,0.05384615384615384,0.5076923076923077,0.11046153846153846,0.05384615384615385,0.019230769230769232,1.5384615384615385,9.076923076923077,0
02025500,11.53076923076923,7.945833333333333,9.023076923076923,426.1666666666667,16.008333333333333,5.375,2.323076923076923,9.758333333333333,0.07583333333333334,0.5416666666666666,0.14783333333333334,0.09249999999999999,0.06333333333333334,1.5153846153846153,9.166666666666666,2
02025700,11.253846153846155,7.608333333333333,6.846153846153846,625.4166666666666,2.8333333333333335,1.0358333333333334,1.123076923076923,20.125,0.011818181818181818,0.5,0.0195,0.05416666666666667,0.03333333333333333,0.9692307692307692,5.666666666666667,2
02027000,11.674999999999999,8.008333333333335,9.125,435.5,15.616666666666667,5.941666666666666,2.183333333333333,10.333333333333334,0.065,0.5083333333333333,0.12425000000000001,0.08583333333333333,0.0625,1.175,8.0,2
02028000,8.523076923076923,7.820833333333334,10.569230769230769,101.33333333333333,7.516666666666667,3.1999999999999997,2.023076923076923,3.275,0.0275,0.5,0.05325,0.051666666666666666,0.01,1.376923076923077,9.0,0
02028300,10.857142857142858,8.078571428571427,8.871428571428572,318.7142857142857,17.228571428571428,13.414285714285715,4.885714285714286,3.6833333333333336,0.14714285714285716,0.5857142857142856,0.2958571428571429,0.05,0.02,1.3571428571428572,14.857142857142858,3
02029000,11.038461538461538,7.870833333333334,9.76153846153846,463.5833333333333,15.049999999999999,5.6475,3.4384615384615387,7.7749999999999995,0.10666666666666667,0.5499999999999999,0.2535,0.08583333333333333,0.0825,1.669230769230769,11.0,2
02029160,7.841666666666666,7.3875,10.941666666666668,70.16666666666667,5.5249999999999995,1.9283333333333335,3.475,2.225,0.017499999999999998,0.5,0.024916666666666667,0.05000000000000001,0.01,1.375,10.916666666666666,0
02030200,11.6,8.3,9.442857142857141,800.4285714285714,13.185714285714285,3.415714285714286,3.9714285714285715,12.258333333333333,0.23285714285714287,0.8571428571428571,0.5495714285714286,0.31857142857142856,0.06857142857142857,2.085714285714286,15.857142857142858,3
02030500,11.046153846153846,7.983333333333334,9.053846153846154,714.1666666666666,13.183333333333332,3.8608333333333333,3.292307692307692,18.683333333333334,0.12333333333333334,0.5499999999999999,0.30391666666666667,0.17333333333333334,0.1175,1.5923076923076922,10.5,2
02031650,8.816666666666666,7.441666666666666,11.516666666666666,75.83333333333333,4.4750000000000005,1.6458333333333333,1.925,3.858333333333333,0.029166666666666664,0.5,0.06933333333333333,0.05000000000000001,0.01,1.3499999999999999,7.0,0
02032000,10.225,7.645833333333333,11.391666666666666,125.91666666666667,11.575000000000001,5.216666666666667,2.341666666666667,4.058333333333334,0.05666666666666667,0.5083333333333333,0.11091666666666666,0.06083333333333333,0.024999999999999998,1.8083333333333333,9.333333333333334,0
02035000,9.792307692307691,7.829166666666667,9.86153846153846,543.75,12.133333333333333,3.391666666666667,2.523076923076923,11.875,0.12166666666666666,0.5083333333333333,0.29633333333333334,0.09083333333333334,0.0825,1.6615384615384616,8.583333333333334,2
02036000,9.892307692307693,7.5874999999999995,10.876923076923077,179.5,10.875,3.31,2.4846153846153842,4.966666666666667,0.06583333333333334,0.5,0.14933333333333335,0.065,0.0525,1.7999999999999998,8.833333333333334,0
02036250,10.607692307692307,8.054166666666667,10.853846153846153,521.4166666666666,18.45,5.858333333333333,2.553846153846154,10.983333333333334,0.125,0.5583333333333333,0.29575,0.10666666666666667,0.11166666666666668,1.5692307692307692,8.75,2
02037000,11.76923076923077,7.9750000000000005,10.13076923076923,399.4166666666667,12.325000000000001,4.33,2.230769230769231,8.891666666666667,0.0625,0.5083333333333333,0.14775,0.0775,0.0625,1.4461538461538461,7.25,2
02037400,12.585714285714285,8.028571428571428,8.471428571428572,1060.4285714285713,65.28571428571429,13.928571428571429,3.7285714285714286,43.78333333333333,0.40857142857142853,1.6857142857142857,1.0195714285714286,1.2614285714285713,1.1428571428571428,3.585714285714286,15.285714285714286,1
02037500,10.753846153846155,8.083333333333334,8.553846153846154,1048.0,67.5,19.808333333333334,3.661538461538462,46.85,0.3925,1.7083333333333333,0.8878333333333334,1.0491666666666666,0.795,3.6384615384615384,17.666666666666668,1
02038000,12.63076923076923,8.045833333333333,10.03076923076923,418.6666666666667,12.875,5.208333333333333,2.3,8.966666666666667,0.06333333333333334,0.5,0.14966666666666667,0.07333333333333333,0.06833333333333334,1.3846153846153846,7.666666666666667,2
02041000,9.875,7.409090909090909,9.783333333333333,131.0909090909091,12.536363636363637,4.8,3.1333333333333333,4.972727272727273,0.15636363636363637,0.5636363636363636,0.31254545454545457,0.10454545454545454,0.04363636363636363,1.3833333333333335,13.545454545454545,0
02041650,11.092307692307692,7.366666666666667,9.684615384615384,104.66666666666667,11.049999999999999,5.158333333333333,3.0,2.6,0.051666666666666666,0.5166666666666667,0.07058333333333333,0.065,0.025833333333333333,1.4615384615384615,12.75,0
02041750,11.758333333333333,7.683333333333334,9.966666666666667,155.83333333333334,11.558333333333332,5.850833333333333,4.441666666666666,2.225,0.04583333333333334,0.5416666666666666,0.05333333333333334,0.08166666666666667,0.023333333333333334,2.125,13.666666666666666,2
02041950,11.483333333333334,7.7,9.616666666666667,275.3333333333333,24.916666666666668,7.205000000000001,3.983333333333333,5.733333333333333,0.11,0.6416666666666667,0.20450000000000002,0.09999999999999999,0.09500000000000001,2.0166666666666666,16.75,3
02042000,11.241666666666667,7.816666666666666,9.575000000000001,333.0,23.083333333333332,8.786666666666667,3.908333333333333,8.916666666666666,0.15916666666666665,0.6333333333333333,0.2501666666666667,0.10833333333333334,0.09749999999999999,1.7916666666666667,15.083333333333334,3
02042500,11.916666666666666,7.883333333333333,10.0,363.75,30.583333333333332,13.233333333333334,4.5249999999999995,9.158333333333333,0.19083333333333333,0.875,0.256,0.1991666666666667,0.1225,2.1083333333333334,17.916666666666668,3
02043500,10.461538461538462,7.8625,9.815384615384614,408.6666666666667,35.34166666666667,9.141666666666667,3.9538461538461536,9.549999999999999,0.14583333333333334,0.8166666666666668,0.304,0.11166666666666668,0.07333333333333333,1.6615384615384616,17.416666666666668,3
02043600,12.242857142857144,7.828571428571428,10.014285714285714,257.14285714285717,7.957142857142857,5.028571428571429,2.8857142857142857,6.891666666666667,0.1157142857142857,0.5,0.26385714285714285,0.08142857142857143,0.047142857142857146,1.0714285714285714,10.0,2
02044000,12.633333333333333,8.025,9.875,496.8333333333333,27.316666666666666,13.516666666666666,3.783333333333333,14.183333333333332,0.15833333333333335,0.7000000000000001,0.32208333333333333,0.12666666666666668,0.11750000000000001,1.7583333333333335,11.916666666666666,3
02045000,13.4,7.807142857142857,9.528571428571428,413.85714285714283,25.857142857142858,10.714285714285714,4.242857142857143,10.375,0.16,0.6714285714285715,0.286,0.16428571428571428,0.14285714285714285,1.8428571428571427,14.714285714285714,3
02045050,12.858333333333334,7.870833333333334,9.083333333333334,489.5833333333333,24.333333333333332,10.35,4.008333333333334,10.141666666666667,0.1475,0.6833333333333332,0.27258333333333334,0.14333333333333334,0.12666666666666668,1.675,13.333333333333334,3
02045150,10.966666666666667,7.583333333333333,10.441666666666666,117.41666666666667,7.841666666666666,2.3333333333333335,2.8083333333333336,2.841666666666667,0.07666666666666667,0.5166666666666667,0.13808333333333334,0.07416666666666667,0.024166666666666666,1.7416666666666665,10.666666666666666,0
02045200,11.233333333333334,7.825,9.991666666666667,235.91666666666666,14.333333333333334,5.358333333333333,2.9583333333333335,4.641666666666667,0.0825,0.5750000000000001,0.155,0.09999999999999999,0.041666666666666664,1.8416666666666668,9.5,2
02045283,11.708333333333334,7.945833333333333,9.825000000000001,636.4166666666666,11.725,5.043333333333333,4.591666666666667,5.916666666666667,0.19833333333333336,0.5583333333333333,0.508,0.10083333333333333,0.08666666666666667,1.6833333333333333,13.333333333333334,2
02045350,11.87142857142857,8.135714285714286,9.685714285714285,671.4285714285714,11.014285714285714,5.128571428571428,5.6000000000000005,17.875,0.21,0.8857142857142858,0.4582857142857143,0.24285714285714288,0.16285714285714287,2.0142857142857142,16.285714285714285,3
02045500,10.9,7.558333333333334,8.825000000000001,427.8333333333333,15.583333333333334,10.5,8.5,3.783333333333333,0.11833333333333333,0.7000000000000001,0.12725,0.12833333333333333,0.06416666666666666,1.55,21.666666666666668,3
02046000,11.433333333333332,7.75,9.391666666666667,402.5833333333333,16.083333333333332,8.766666666666667,5.608333333333333,5.608333333333333,0.11666666666666665,0.6166666666666667,0.19041666666666668,0.09749999999999999,0.06416666666666666,1.866666666666667,16.583333333333332,3
02047000,11.558333333333335,8.025,9.816666666666666,688.9166666666666,20.083333333333332,7.62,3.841666666666667,16.966666666666665,0.2325,0.9083333333333333,0.5269166666666667,0.41583333333333333,0.3133333333333333,2.558333333333333,12.666666666666666,3
02047500,10.216666666666667,7.629166666666666,10.233333333333333,162.0,16.583333333333332,8.075000000000001,2.1750000000000003,4.8,0.09416666666666666,0.5083333333333333,0.19166666666666665,0.055,0.022500000000000003,1.5166666666666666,9.75,0
02047750,11.208333333333334,7.875,10.966666666666667,253.5,26.583333333333332,6.941666666666666,3.4499999999999997,6.308333333333334,0.16666666666666666,0.6583333333333333,0.2995,0.12,0.0725,1.8333333333333333,17.416666666666668,2
02048960,7.558333333333334,6.904166666666666,11.0,28.666666666666668,3.358333333333333,0.8641666666666666,1.6416666666666666,1.5916666666666668,0.012499999999999999,0.5,0.021750000000000002,0.05000000000000001,0.010833333333333334,1.3416666666666668,7.833333333333333,0
02048980,8.066666666666666,6.875,10.566666666666666,73.5,2.0,0.5833333333333334,1.8333333333333333,3.1333333333333333,0.028333333333333332,0.5333333333333333,0.07233333333333333,0.07166666666666667,0.021666666666666667,1.5666666666666667,6.333333333333333,0
02049000,8.75,7.058333333333334,10.866666666666667,62.166666666666664,3.608333333333333,1.2358333333333333,1.883333333333333,3.3333333333333335,0.03166666666666667,0.5,0.06525,0.05416666666666667,0.012499999999999999,1.1333333333333333,6.833333333333333,0
02049500,8.1,7.216666666666666,10.566666666666666,60.833333333333336,3.783333333333333,1.3533333333333333,2.591666666666667,1.8499999999999999,0.021666666666666667,0.5083333333333333,0.0365,0.16333333333333333,0.023333333333333334,1.3916666666666666,8.75,0
02049900,8.433333333333334,7.208333333333333,11.058333333333332,91.5,3.591666666666667,2.0225,4.5249999999999995,2.2416666666666667,0.07083333333333335,0.5333333333333333,0.13333333333333333,0.0825,0.013333333333333334,1.2666666666666666,12.833333333333334,0
02050000,8.966666666666667,7.083333333333333,10.708333333333334,72.66666666666667,3.658333333333333,1.615,3.0583333333333336,2.5833333333333335,0.03333333333333333,0.525,0.07183333333333333,0.10083333333333333,0.016666666666666666,1.125,9.0,0
02051000,9.941666666666666,7.1909090909090905,11.233333333333334,85.75,5.616666666666667,2.35,2.766666666666667,3.2416666666666667,0.028333333333333335,0.5,0.06158333333333333,0.06666666666666667,0.015,1.2249999999999999,10.5,0
02051600,9.516666666666667,7.220000000000001,10.166666666666666,105.5,8.433333333333334,4.166666666666667,4.366666666666666,6.433333333333334,0.08833333333333333,0.5166666666666667,0.11083333333333334,0.06333333333333334,0.03833333333333333,1.3,14.333333333333334,0
02051820,9.241666666666667,7.2625,11.008333333333333,56.416666666666664,6.716666666666666,3.516666666666667,3.4250000000000003,3.5999999999999996,0.022500000000000003,0.6666666666666666,0.04275,0.050833333333333335,0.010833333333333334,1.0166666666666666,12.333333333333334,0
02052000,9.908333333333333,7.2749999999999995,10.883333333333333,102.08333333333333,7.158333333333334,3.025,3.6916666666666664,4.366666666666666,0.050833333333333335,0.5166666666666667,0.09725,0.06166666666666667,0.024166666666666666,1.3833333333333335,12.666666666666666,0
02052500,8.6,7.133333333333333,11.233333333333334,108.5,4.133333333333334,1.8399999999999999,2.8333333333333335,3.8000000000000003,0.034999999999999996,0.5,0.0625,0.06166666666666667,0.02,1.6166666666666665,9.333333333333334,0
02054000,10.383333333333333,7.404166666666666,9.9,108.91666666666667,5.191666666666666,2.1025,3.15,4.233333333333333,0.035833333333333335,0.5083333333333333,0.06041666666666667,0.0575,0.018333333333333333,1.2249999999999999,10.583333333333334,0
02054100,11.008333333333333,7.483333333333333,9.375,119.75,6.5,2.9308333333333336,3.65,4.141666666666667,0.055,0.5499999999999999,0.09641666666666666,0.08916666666666667,0.023333333333333334,1.425,10.916666666666666,0
02054500,11.049999999999999,7.5625,10.408333333333333,151.0,8.375,4.2924999999999995,3.5833333333333335,4.341666666666667,0.05416666666666667,0.525,0.10058333333333334,0.08333333333333333,0.03166666666666667,1.425,11.25,0
02055500,10.25,8.104545454545455,10.183333333333334,1071.75,41.74166666666667,18.2,5.083333333333333,20.099999999999998,0.13833333333333334,0.8916666666666666,0.29925,0.085,0.115,1.5166666666666666,18.666666666666668,3
02055580,15.333333333333334,7.7625,8.991666666666667,214.08333333333334,7.825,7.9750000000000005,4.016666666666667,4.083333333333333,0.065,0.5166666666666667,0.10483333333333333,0.086,0.03166666666666667,1.2750000000000001,11.083333333333334,2
02056200,10.924999999999999,7.622727272727272,10.708333333333334,229.66666666666666,7.141666666666667,4.079166666666667,3.5,4.325,0.050833333333333335,0.5166666666666667,0.118,0.07083333333333333,0.03416666666666667,1.2916666666666667,10.166666666666666,0
02057000,11.633333333333333,7.933333333333334,9.383333333333335,243.5,16.2,6.883333333333333,3.891666666666667,5.283333333333333,0.05833333333333334,0.65,0.12041666666666667,0.065,0.03,1.25,14.0,2
02057250,10.733333333333334,8.108333333333333,9.4,754.5,30.633333333333336,25.400000000000002,3.8666666666666667,16.483333333333334,0.09000000000000001,0.7000000000000001,0.19699999999999998,0.051666666666666666,0.05666666666666667,1.1166666666666667,11.0,3
02057400,11.075000000000001,8.070833333333333,10.008333333333335,774.75,32.725,15.275,4.016666666666667,15.783333333333333,0.10166666666666667,0.7916666666666666,0.2325,0.06916666666666667,0.059166666666666666,1.425,13.083333333333334,3
02057520,11.541666666666666,8.1875,9.275,867.0833333333334,27.71666666666667,22.25,4.575,14.625,0.1075,0.775,0.2295,0.06666666666666667,0.06999999999999999,1.45,14.416666666666666,3
02057600,11.149999999999999,8.200000000000001,9.35,578.1666666666666,21.983333333333334,16.95,4.0,13.783333333333333,0.11333333333333333,0.6666666666666666,0.2508333333333333,0.065,0.06,1.2666666666666666,14.0,3
02058000,11.633333333333333,8.170833333333333,9.450000000000001,820.3333333333334,28.40833333333333,21.2675,4.466666666666667,14.958333333333334,0.11,0.8666666666666667,0.2314166666666667,0.07333333333333333,0.0725,1.7249999999999999,13.916666666666666,3
02059500,11.608333333333334,8.1,9.725,370.4166666666667,19.491666666666667,13.016666666666666,4.108333333333333,7.216666666666666,0.07833333333333332,0.6583333333333333,0.14241666666666666,0.07916666666666668,0.04416666666666667,1.4666666666666668,13.833333333333334,2
02060500,11.9,7.945833333333334,9.866666666666667,399.25,20.166666666666668,13.021666666666667,4.0,7.591666666666666,0.07416666666666667,0.6749999999999999,0.17983333333333332,0.08750000000000001,0.057499999999999996,1.2750000000000001,13.166666666666666,2
02060750,14.355555555555554,7.955555555555555,9.600000000000001,369.8333333333333,16.272222222222222,10.844444444444445,4.141666666666667,8.041666666666666,0.09176470588235294,0.6666666666666666,0.14041666666666666,0.10583333333333333,0.04750000000000001,1.6111111111111112,12.944444444444445,2
02061500,8.075000000000001,7.595833333333334,10.958333333333334,83.08333333333333,3.9416666666666664,1.3433333333333335,1.9000000000000001,2.8249999999999997,0.030833333333333334,0.5166666666666667,0.06583333333333334,0.055,0.016666666666666666,1.325,6.666666666666667,0
02061970,7.783333333333334,7.1625000000000005,10.933333333333332,45.0,3.8249999999999997,1.0875000000000001,2.6999999999999997,1.7750000000000001,0.015,0.5,0.03466666666666667,0.05000000000000001,0.01,0.9583333333333334,7.75,0
02063000,9.416666666666666,7.4750000000000005,10.633333333333333,97.58333333333333,17.716666666666665,10.416666666666666,2.9416666666666664,3.85,0.04416666666666667,0.5750000000000001,0.09941666666666667,0.05833333333333333,0.030833333333333334,1.1,11.083333333333334,0
02064000,9.799999999999999,7.470833333333334,9.725,119.75,19.441666666666666,9.075000000000001,3.2583333333333333,4.516666666666667,0.0775,0.6416666666666667,0.11933333333333333,0.11333333333333334,0.04416666666666667,1.4916666666666665,12.5,0
02064770,8.950000000000001,7.625,11.166666666666666,97.83333333333333,17.8,7.266666666666667,2.783333333333333,4.283333333333333,0.085,0.5666666666666667,0.21066666666666667,0.06666666666666667,0.013333333333333334,1.2,14.5,0
02065090,8.666666666666666,7.516666666666667,10.366666666666667,82.08333333333333,5.941666666666666,2.5416666666666665,2.3333333333333335,3.1999999999999997,0.024166666666666666,0.5,0.050166666666666665,0.050833333333333335,0.011666666666666667,0.9583333333333334,9.083333333333334,0
02065280,8.841666666666667,7.4624999999999995,10.408333333333333,75.83333333333333,12.066666666666668,5.166666666666667,3.1,2.6916666666666664,0.024166666666666666,0.5166666666666667,0.06341666666666666,0.051666666666666666,0.013333333333333334,1.075,11.833333333333334,0
02065500,9.916666666666666,7.483333333333333,10.458333333333334,85.0,8.758333333333333,3.779166666666667,3.4,2.4250000000000003,0.04750000000000001,0.6,0.0615,0.09083333333333334,0.01916666666666667,1.3083333333333333,10.333333333333334,0
02066000,9.672727272727274,7.654545454545455,9.981818181818182,117.1,16.0,7.00909090909091,3.6,3.190909090909091,0.07181818181818182,0.5818181818181818,0.12427272727272727,0.10090909090909092,0.03909090909090909,1.4727272727272727,13.909090909090908,0
02067000,9.427272727272728,7.704545454545454,10.227272727272727,119.0,13.836363636363636,7.936363636363637,3.527272727272727,3.9818181818181815,0.05454545454545454,0.5818181818181819,0.10590909090909091,0.07363636363636364,0.034545454545454546,1.5272727272727273,14.163636363636364,0
02067150,10.354545454545455,7.6863636363636365,9.818181818181818,138.0,16.681818181818183,7.445454545454546,3.2363636363636363,3.8818181818181823,0.06181818181818182,0.509090909090909,0.12881818181818183,0.08181818181818182,0.057272727272727274,1.4272727272727272,9.818181818181818,0
02067400,9.958333333333334,7.858333333333333,9.616666666666667,417.6666666666667,25.0,20.53,5.308333333333334,14.299999999999999,0.06583333333333334,0.7583333333333333,0.14708333333333334,0.06,0.05583333333333334,1.1916666666666667,17.25,3
02067800,9.492307692307692,7.834615384615384,10.215384615384616,377.38461538461536,23.984615384615385,19.99230769230769,4.6923076923076925,11.192307692307692,0.10769230769230768,0.7692307692307693,0.22961538461538464,0.07307692307692308,0.08153846153846155,1.323076923076923,15.384615384615385,3
02068500,9.633333333333333,7.729166666666667,10.466666666666667,203.58333333333334,24.183333333333334,9.375,3.516666666666667,5.375,0.08416666666666667,0.5916666666666667,0.13175,0.07333333333333333,0.0575,1.3666666666666665,13.75,0
02068800,9.383333333333333,7.733333333333333,10.483333333333334,247.66666666666666,8.0,4.8500000000000005,4.05,5.441666666666666,0.04833333333333333,0.6166666666666667,0.09533333333333333,0.08,0.05833333333333333,1.5999999999999999,11.0,0
02069100,9.723076923076924,7.915384615384616,10.384615384615385,464.61538461538464,31.307692307692307,21.638461538461538,5.038461538461538,10.938461538461537,0.1176923076923077,0.8,0.24592307692307694,0.0776923076923077,0.08384615384615385,1.4230769230769231,17.076923076923077,3
02070000,10.683333333333332,7.841666666666666,10.041666666666666,308.0,11.9,11.441666666666668,4.375,7.283333333333334,0.07416666666666667,0.6083333333333333,0.12866666666666668,0.09666666666666666,0.06,1.2333333333333334,12.75,2
02070250,10.666666666666666,7.716666666666666,9.5,249.66666666666666,12.633333333333333,9.583333333333334,3.9333333333333336,5.666666666666667,0.07166666666666667,0.5666666666666667,0.15466666666666667,0.09833333333333333,0.05666666666666667,1.5,9.666666666666666,2
02070750,10.633333333333333,8.016666666666667,10.200000000000001,711.0,61.86666666666667,27.433333333333334,7.416666666666667,14.75,0.14333333333333334,1.1666666666666667,0.3385,0.105,0.12666666666666668,2.1333333333333333,27.833333333333332,3
02070900,16.241666666666667,8.1,8.683333333333334,447.75,13.35,8.691666666666666,4.516666666666667,3.783333333333333,0.05583333333333334,0.625,0.11333333333333333,0.08666666666666667,0.041666666666666664,1.4333333333333333,15.333333333333334,2
02071050,10.007692307692308,8.026923076923076,9.907692307692308,1950.2307692307693,36.93846153846154,18.984615384615385,5.6461538461538465,18.361538461538462,0.14307692307692307,0.9692307692307692,0.32384615384615384,0.16384615384615384,0.13692307692307693,1.623076923076923,22.384615384615383,3
02072400,11.046153846153846,8.203846153846154,10.415384615384616,3298.769230769231,36.86153846153846,14.684615384615386,3.6692307692307695,8.223076923076924,0.07153846153846154,0.9384615384615385,0.16407692307692306,0.44153846153846155,0.12076923076923077,1.5384615384615385,19.076923076923077,3
02072700,11.416666666666666,8.141666666666667,10.4,2812.8333333333335,19.349999999999998,11.133333333333333,3.9499999999999997,6.8999999999999995,0.07833333333333332,0.9666666666666667,0.13283333333333333,0.34,0.13666666666666666,2.5,15.5,3
02074000,11.76923076923077,8.023076923076923,9.792307692307691,2459.0,21.323076923076922,14.015384615384617,3.6538461538461537,7.5,0.08076923076923077,0.9076923076923078,0.17376923076923076,0.46846153846153843,0.1630769230769231,1.6307692307692307,12.692307692307692,3
02075300,12.558333333333332,7.929166666666667,9.508333333333333,1138.5,17.141666666666666,11.041666666666666,3.8166666666666664,7.6000000000000005,0.08583333333333333,0.7416666666666667,0.1718333333333333,0.2275,0.10833333333333334,1.425,12.5,3
02076180,9.816666666666666,7.858333333333333,10.366666666666667,532.8333333333334,6.183333333333334,4.983333333333333,3.6333333333333333,30.183333333333334,0.043333333333333335,0.5166666666666667,0.10083333333333333,0.05000000000000001,0.051666666666666666,1.3833333333333335,8.0,2
02076800,15.88823529411765,7.976470588235294,9.394117647058822,1399.9411764705883,19.511764705882353,12.576470588235296,3.9454545454545453,8.19090909090909,0.08705882352941176,0.711764705882353,0.16890909090909093,0.1409090909090909,0.09272727272727273,1.2588235294117647,14.176470588235293,3
02077200,10.433333333333334,7.825,9.483333333333333,634.8333333333334,6.533333333333334,5.683333333333334,4.75,24.875,0.05333333333333334,0.65,0.09866666666666667,0.08,0.12333333333333334,1.2166666666666666,12.0,2
02078000,11.533333333333333,8.029166666666667,10.408333333333333,544.0,4.358333333333333,2.8408333333333338,3.1,26.741666666666664,0.034999999999999996,0.5,0.06533333333333334,0.051666666666666666,0.051666666666666666,1.1833333333333333,7.25,2
02079000,13.458333333333334,8.008333333333333,9.858333333333333,1328.1666666666667,14.174999999999999,8.325000000000001,3.841666666666667,8.633333333333333,0.07833333333333334,0.6,0.14966666666666667,0.11499999999999999,0.07416666666666667,1.2249999999999999,10.658333333333333,2
02081000,10.941666666666668,8.054166666666665,8.808333333333334,1419.4166666666667,18.491666666666667,12.008333333333333,6.583333333333333,10.091666666666667,0.15666666666666665,1.125,0.34225,0.18166666666666667,0.1875,2.341666666666667,17.916666666666668,3
02081100,10.15,8.075000000000001,9.283333333333333,1324.8333333333333,39.5,26.28333333333333,3.783333333333333,22.166666666666668,0.215,1.1166666666666667,0.4863333333333333,0.18500000000000003,0.215,2.3666666666666667,13.166666666666666,3
02081300,10.933333333333332,8.049999999999999,9.533333333333333,1469.1666666666667,25.8,16.833333333333332,3.783333333333333,23.333333333333332,0.17333333333333334,0.75,0.3958333333333333,0.14583333333333334,0.20000000000000004,1.7750000000000001,12.0,3
02082000,11.508333333333333,8.054545454545455,9.241666666666667,1926.8333333333333,30.59166666666667,19.241666666666667,4.616666666666666,18.458333333333332,0.1425,0.8416666666666667,0.2718333333333333,0.1075,0.11083333333333334,1.9833333333333334,18.416666666666668,3
02082900,11.741666666666667,8.104166666666666,9.791666666666666,1652.0833333333333,28.758333333333336,19.041666666666668,4.741666666666666,19.775000000000002,0.13083333333333333,0.9249999999999999,0.23808333333333334,0.09083333333333334,0.1025,1.95,15.916666666666666,3
02084000,13.533333333333333,7.9750000000000005,9.658333333333333,1387.0,13.625,8.408333333333333,3.775,10.125,0.08833333333333333,0.6833333333333332,0.18275,0.14333333333333334,0.07833333333333334,1.4000000000000001,12.583333333333334,2
02085325,10.633333333333333,8.083333333333334,10.183333333333334,570.6666666666666,8.450000000000001,6.55,4.216666666666666,20.745454545454546,0.08666666666666667,0.6166666666666666,0.2125,0.10666666666666667,0.09833333333333333,1.3833333333333335,10.166666666666666,2
02085600,10.333333333333334,8.108333333333333,9.391666666666667,1076.6666666666667,13.333333333333334,9.491666666666667,5.216666666666667,27.616666666666664,1.0225,0.9,2.63425,0.12833333333333333,0.21666666666666667,1.9333333333333333,15.916666666666666,1
02086500,11.108333333333334,7.929166666666667,10.008333333333333,1562.8333333333333,136.29999999999998,18.791666666666668,1.2916666666666667,9.741666666666667,0.09166666666666667,0.8166666666666668,0.06358333333333334,0.11583333333333334,0.0675,1.2750000000000001,12.583333333333334,3
02088000,11.583333333333334,8.170833333333333,9.25,829.5,5.983333333333333,4.966666666666667,3.7416666666666667,21.95,0.08,0.5666666666666667,0.18975,0.12083333333333333,0.10416666666666667,1.5416666666666667,9.416666666666666,2
02089000,11.066666666666668,7.7250000000000005,8.799999999999999,1057.0,4.05,2.6666666666666665,2.9166666666666665,16.933333333333334,0.05666666666666667,0.5166666666666667,0.13983333333333334,0.11,0.09500000000000001,1.2666666666666666,5.833333333333333,2
02089900,11.741666666666667,8.004166666666666,10.383333333333333,1046.0833333333333,3.6166666666666667,1.7858333333333334,3.1,15.708333333333334,0.0825,0.5499999999999999,0.19375,0.13166666666666668,0.13166666666666668,1.2166666666666666,8.083333333333334,2
02090000,12.991666666666667,7.970833333333334,9.283333333333333,1310.1666666666667,12.416666666666666,7.541666666666667,3.608333333333334,11.366666666666667,0.08916666666666667,0.6416666666666667,0.18733333333333335,0.12416666666666666,0.08916666666666667,1.4000000000000001,13.0,2
02092000,14.049999999999999,7.929166666666667,7.4750000000000005,1702.1666666666667,46.13333333333333,6.841666666666666,3.1166666666666667,5.616666666666667,0.23416666666666666,3.408333333333333,0.4498333333333333,1.3216666666666665,0.5633333333333334,5.141666666666667,40.75,1
02093100,12.783333333333333,7.970833333333334,9.291666666666666,1258.3333333333333,17.108333333333334,12.049999999999999,3.7750000000000004,10.241666666666667,0.09916666666666667,0.6583333333333333,0.21991666666666668,0.14416666666666667,0.08833333333333333,1.6666666666666667,12.75,3
02093600,9.775,7.883333333333333,9.25,1397.25,18.183333333333334,13.325000000000001,3.983333333333333,10.941666666666668,0.0825,0.6666666666666666,0.16925,0.1366666666666667,0.08833333333333333,1.4833333333333334,12.0,3
02094000,10.225,8.108333333333333,9.066666666666666,1714.6666666666667,20.391666666666666,13.533333333333333,4.016666666666667,11.716666666666667,0.11666666666666665,0.65,0.3021666666666667,0.105,0.1275,1.5833333333333333,10.166666666666666,3
02094500,9.991666666666667,7.908333333333334,9.258333333333333,743.75,54.074999999999996,19.758333333333333,4.333333333333333,20.25,0.16666666666666666,0.9666666666666667,0.39033333333333337,0.10416666666666667,0.11,1.5916666666666668,25.636363636363637,3
02094700,9.7,8.15,9.283333333333333,1826.6666666666667,13.6,9.983333333333333,3.1999999999999997,9.183333333333334,0.10000000000000002,0.5666666666666667,0.2363333333333333,0.08166666666666667,0.09666666666666666,1.1333333333333333,7.833333333333333,2
02094800,10.683333333333335,8.058333333333334,9.1,975.5,7.3,3.5833333333333335,4.383333333333333,26.416666666666668,0.465,0.7833333333333333,1.0661666666666667,0.235,0.245,2.1166666666666667,13.666666666666666,3
02094900,14.850000000000001,8.016666666666667,8.761111111111111,1387.0,17.005555555555556,10.264444444444443,3.6833333333333336,10.725,0.08666666666666667,0.6333333333333333,0.1980833333333333,0.11916666666666668,0.08583333333333333,1.411111111111111,15.833333333333334,3
02094920,10.700000000000001,8.366666666666667,9.833333333333334,714.1666666666666,9.033333333333333,4.55,2.016666666666667,38.916666666666664,0.09500000000000001,0.5,0.252,0.08833333333333333,0.12833333333333333,1.1666666666666667,6.5,2
02094930,10.5,8.258333333333333,9.950000000000001,493.1666666666667,13.25,5.1499999999999995,1.5333333333333332,9.5,0.11166666666666665,1.2,0.2255,0.8283333333333333,0.075,2.2166666666666663,9.166666666666666,2
02094950,11.25,7.9375,6.675,721.6666666666666,21.583333333333332,6.216666666666666,3.983333333333333,9.491666666666667,0.5283333333333333,4.058333333333333,1.054,3.2899999999999996,0.5333333333333333,3.733333333333333,26.666666666666668,1
02094970,7.516666666666667,7.316666666666666,11.216666666666667,69.0,2.8333333333333335,1.085,2.0166666666666666,2.1083333333333334,0.018333333333333333,0.5,0.03416666666666667,0.05000000000000001,0.01,1.0666666666666667,5.333333333333333,0
02094973,8.666666666666666,7.191666666666666,10.883333333333333,53.916666666666664,8.483333333333333,2.1075,2.5416666666666665,2.3083333333333336,0.021666666666666667,0.525,0.023333333333333334,0.050833333333333335,0.01,0.9916666666666667,8.833333333333334,0
02094979,8.076923076923077,6.776923076923077,11.153846153846153,60.92307692307692,5.1,2.83,1.7153846153846155,3.6692307692307695,0.01076923076923077,0.5,0.018384615384615385,0.05153846153846154,0.01,1.0307692307692309,7.153846153846154,0
02095500,10.341666666666667,7.6375,9.658333333333333,328.6666666666667,13.816666666666668,8.35,3.9,11.5,0.105,0.6333333333333333,0.24158333333333334,0.14583333333333334,0.12333333333333334,1.55,11.25,2
02095600,11.049999999999999,7.608333333333333,9.1,261.25,12.049999999999999,8.133333333333333,4.175,7.166666666666667,0.09583333333333333,0.6583333333333333,0.21133333333333335,0.13999999999999999,0.08,1.7583333333333335,12.25,2
02096000,11.325000000000001,7.841666666666666,9.775,293.25,12.416666666666666,6.666666666666667,4.041666666666667,5.741666666666667,0.10333333333333333,0.5833333333333334,0.19366666666666665,0.09749999999999999,0.06416666666666666,1.5583333333333333,13.916666666666666,2
02096500,10.875,8.049999999999999,9.424999999999999,733.0,5.041666666666667,3.475,3.266666666666667,16.933333333333334,0.12416666666666666,0.5166666666666667,0.33375,0.07083333333333335,0.08750000000000001,1.4000000000000001,7.916666666666667,2
02096750,16.454545454545453,7.927272727272728,8.372727272727273,351.45454545454544,11.8,10.118181818181817,6.8,3.6636363636363636,0.026363636363636363,0.8090909090909091,0.0432,0.062,0.018,1.3909090909090909,21.545454545454547,3
02096900,11.658333333333333,8.016666666666667,9.966666666666667,421.3333333333333,11.716666666666667,8.049999999999999,4.433333333333334,7.716666666666666,0.10583333333333333,0.6666666666666666,0.2578333333333333,0.10083333333333333,0.075,1.7916666666666667,13.416666666666666,2
02097000,10.607692307692307,7.938461538461539,8.976923076923077,1034.2307692307693,14.146153846153847,9.953846153846154,6.623076923076923,9.830769230769231,0.24461538461538462,0.9230769230769231,0.6014615384615385,0.13615384615384615,0.1123076923076923,1.823076923076923,17.46153846153846,3
02098200,9.799999999999999,7.7749999999999995,8.866666666666667,287.9166666666667,26.458333333333332,13.0,4.2749999999999995,7.425,0.16,0.725,0.32958333333333334,0.16749999999999998,0.13833333333333334,2.766666666666667,14.166666666666666,3
02098800,10.691666666666668,7.9875,9.950000000000001,537.0833333333334,6.416666666666667,4.633333333333334,3.15,10.35,0.1025,0.5166666666666667,0.2275,0.07333333333333333,0.06583333333333334,1.4416666666666667,8.833333333333334,2
02099500,11.75,7.929166666666667,9.583333333333334,580.0,22.400000000000002,16.941666666666666,5.566666666666666,7.591666666666666,0.1275,0.7416666666666667,0.305,0.13,0.06916666666666667,1.875,15.75,3
02099800,11.058333333333332,7.933333333333334,9.516666666666667,481.9166666666667,26.0,9.35,3.3333333333333335,13.924999999999999,0.20833333333333334,0.8083333333333332,0.4059166666666667,0.245,0.1575,1.875,12.333333333333334,3
02100150,11.466666666666667,7.941666666666666,9.825000000000001,554.75,20.666666666666668,12.85,4.441666666666666,11.049999999999999,0.15833333333333335,0.7666666666666666,0.3738333333333333,0.17666666666666667,0.11916666666666666,1.6166666666666665,12.5,3
02100600,10.127272727272727,7.380000000000001,10.145454545454545,175.0,23.363636363636363,6.3,4.081818181818182,6.363636363636363,0.17636363636363636,0.8,0.27154545454545453,0.35727272727272724,0.07818181818181819,2.1818181818181817,14.363636363636363,0
02100830,9.75,7.970000000000001,10.75,424.6666666666667,13.033333333333333,8.299999999999999,3.0666666666666664,10.758333333333333,0.12333333333333334,0.6333333333333333,0.22799999999999998,0.125,0.07833333333333332,1.75,10.166666666666666,2
02101050,10.383333333333333,7.781818181818181,6.983333333333333,1050.4166666666667,17.483333333333334,6.491666666666667,4.725,7.541666666666667,0.2325,3.533333333333333,0.46349999999999997,3.498333333333333,0.3933333333333333,2.5500000000000003,16.833333333333332,1
02103800,11.766666666666666,7.759090909090909,6.8,1241.75,31.191666666666666,12.408333333333333,6.875,8.799999999999999,0.5658333333333333,3.4250000000000003,0.7897500000000001,2.3033333333333332,0.5883333333333333,5.816666666666666,39.333333333333336,1
02103850,12.166666666666666,7.668181818181819,7.266666666666667,1239.8333333333333,13.5,6.791666666666667,5.166666666666667,6.616666666666667,0.225,1.4833333333333334,0.40724999999999995,0.6325,0.23833333333333337,3.9166666666666665,19.916666666666668,3
02103950,10.525,7.754166666666666,7.566666666666666,696.8333333333334,19.099999999999998,18.214166666666667,8.225,10.408333333333333,0.16333333333333333,1.0833333333333333,0.38208333333333333,0.20083333333333334,0.10083333333333333,1.8666666666666665,23.75,3
02104000,10.483333333333333,7.966666666666666,9.174999999999999,806.0833333333334,22.708333333333332,9.783333333333333,7.383333333333334,12.333333333333334,0.15833333333333335,0.9666666666666667,0.38408333333333333,0.10083333333333333,0.08,1.7916666666666667,20.75,3
02104400,9.9,7.895454545454545,8.945454545454545,1093.6363636363637,28.79090909090909,17.78181818181818,5.409090909090909,23.081818181818182,0.11272727272727273,0.8090909090909091,0.2727272727272727,0.08454545454545455,0.11363636363636363,1.6181818181818182,19.272727272727273,3
02105000,11.041666666666666,8.108333333333333,9.700000000000001,1079.8333333333333,36.69166666666667,34.925000000000004,5.458333333333333,20.575,0.19416666666666668,0.8833333333333333,0.427,0.09999999999999999,0.12916666666666668,1.6833333333333333,16.5,3
02106410,11.154545454545454,8.231818181818182,9.363636363636363,1064.090909090909,19.990909090909092,19.38181818181818,5.181818181818182,18.063636363636363,0.15,0.7545454545454546,0.37509090909090914,0.07363636363636364,0.09454545454545454,1.4454545454545455,14.0,3
02106430,10.066666666666666,8.366666666666667,8.766666666666667,810.5,8.4,8.266666666666667,4.233333333333333,17.533333333333335,0.15333333333333335,0.7333333333333334,0.3598333333333333,0.13833333333333334,0.07,1.3666666666666665,13.166666666666666,3
02106500,11.016666666666666,7.8875,9.424999999999999,449.25,23.441666666666666,22.8,5.083333333333333,11.066666666666668,0.125,0.85,0.21350000000000002,0.06416666666666666,0.06083333333333333,1.7,16.391666666666666,3
02106600,11.183333333333332,8.058333333333334,10.041666666666666,499.75,11.866666666666667,7.040833333333333,4.3,11.216666666666667,0.1325,0.6583333333333333,0.2786666666666667,0.10583333333333333,0.105,1.4416666666666667,10.5,2
02106750,11.725,8.029166666666667,10.075000000000001,602.3333333333334,28.425,20.191666666666666,5.2749999999999995,5.175,0.12,0.775,0.214,0.06416666666666666,0.03833333333333334,1.4416666666666667,20.0,3
02106800,11.291666666666666,7.979166666666667,10.033333333333333,508.25,8.983333333333333,4.591666666666667,3.341666666666667,6.158333333333334,0.1875,0.7250000000000001,0.3110833333333333,0.22999999999999998,0.07083333333333333,1.3416666666666668,11.0,2
02106850,11.133333333333333,7.9624999999999995,10.225,902.0833333333334,26.71666666666667,17.108333333333334,4.0249999999999995,11.516666666666666,0.15,0.7333333333333334,0.3354166666666667,0.09083333333333334,0.0825,1.375,13.166666666666666,3
02106900,11.541666666666666,8.129166666666666,9.266666666666667,699.25,46.15,18.834166666666665,4.666666666666667,10.258333333333333,0.1475,0.8416666666666667,0.25616666666666665,0.0825,0.05333333333333334,1.55,16.583333333333332,3
02107000,11.875,8.0875,10.1,564.6666666666666,27.991666666666664,18.825,3.9416666666666664,10.866666666666667,0.11,0.7166666666666667,0.18216666666666667,0.05666666666666667,0.034166666666666665,1.3833333333333335,14.0,3
02107890,10.983333333333334,7.920833333333333,11.066666666666668,502.9166666666667,4.7,2.066666666666667,1.6416666666666666,20.958333333333332,0.014166666666666668,0.5,0.028333333333333335,0.05000000000000001,0.021666666666666667,0.9416666666666668,6.0,2
02107900,11.049999999999999,7.958333333333333,11.35,475.5,5.3999999999999995,2.8666666666666667,1.4833333333333334,19.908333333333335,0.015,0.5,0.025833333333333333,0.05000000000000001,0.011666666666666667,1.1666666666666667,5.833333333333333,2
02109000,11.875,8.137500000000001,9.9,517.0833333333334,9.658333333333333,5.343333333333334,2.908333333333333,13.516666666666666,0.04666666666666667,0.5416666666666666,0.10558333333333332,0.0525,0.030833333333333334,1.1833333333333333,8.25,2
02110000,12.116666666666667,8.141666666666667,10.058333333333334,509.75,19.733333333333334,8.308333333333334,3.25,12.741666666666667,0.05583333333333334,0.5583333333333333,0.11091666666666666,0.05416666666666667,0.03333333333333333,1.0916666666666666,9.5,2
02111000,11.924999999999999,8.033333333333333,9.166666666666666,493.5833333333333,13.9,9.125,3.0583333333333336,12.983333333333334,0.051666666666666666,0.5583333333333333,0.09408333333333334,0.0575,0.0325,1.2583333333333333,10.166666666666666,2
02111500,10.958333333333334,8.041666666666666,9.316666666666666,1406.0833333333333,10.5,3.044166666666667,2.6,20.716666666666665,0.20416666666666664,0.9750000000000001,0.44450000000000006,0.5616666666666666,0.32583333333333336,2.5416666666666665,11.5,3
02112000,12.133333333333333,8.095833333333333,9.491666666666667,503.75,13.433333333333332,9.091666666666667,3.0833333333333335,13.5,0.055,0.6083333333333333,0.10866666666666668,0.05666666666666667,0.04083333333333333,1.2916666666666667,9.5,2
02112150,9.954545454545455,7.777272727272727,9.69090909090909,572.4545454545455,15.063636363636363,10.054545454545455,1.736363636363636,22.063636363636363,0.03363636363636364,0.6,0.057545454545454545,0.05,0.02909090909090909,1.2454545454545454,8.454545454545455,2
02113000,12.075000000000001,8.216666666666667,10.283333333333333,503.5833333333333,9.683333333333334,5.090833333333333,3.0083333333333333,13.741666666666667,0.051666666666666666,0.5333333333333333,0.11358333333333333,0.051666666666666666,0.03166666666666667,1.1666666666666667,7.583333333333333,2
02114000,12.641666666666666,8.045833333333333,9.541666666666666,500.9166666666667,14.166666666666666,8.174999999999999,2.841666666666667,13.208333333333334,0.07333333333333333,0.5916666666666667,0.09608333333333334,0.05000000000000001,0.03,1.325,10.083333333333334,2
02115000,12.9,8.191666666666666,9.216666666666667,506.6666666666667,12.966666666666667,5.716666666666666,3.4333333333333336,14.116666666666667,0.04833333333333334,0.5499999999999999,0.09133333333333334,0.051666666666666666,0.03666666666666667,1.3166666666666667,7.0,2
02115200,10.475,7.908333333333334,7.825,731.0,10.208333333333334,6.508333333333333,5.241666666666667,13.983333333333334,0.38916666666666666,2.091666666666667,0.7740833333333333,1.3633333333333333,0.5966666666666667,3.9,20.5,1
02115625,9.266666666666667,7.816666666666666,10.4,630.1666666666666,2.216666666666667,0.8583333333333334,0.9,10.783333333333333,0.011666666666666667,0.5,0.021,0.05000000000000001,0.01,0.85,5.0,0
02115650,10.5,7.9125000000000005,9.208333333333334,708.6666666666666,8.033333333333333,3.766666666666667,3.6750000000000003,15.633333333333333,0.22583333333333333,0.975,0.5281666666666667,0.4875,0.2866666666666667,2.441666666666667,12.833333333333334,3
02115675,11.4,8.208333333333334,11.216666666666667,646.1666666666666,4.616666666666666,3.4183333333333334,2.6999999999999997,30.641666666666666,0.19000000000000003,0.5499999999999999,0.47866666666666663,0.125,0.23666666666666666,1.2833333333333332,6.666666666666667,2
02115685,9.683333333333334,7.941666666666666,10.616666666666667,552.8333333333334,3.1999999999999997,3.1333333333333333,1.2,20.8,0.03333333333333333,0.5,0.084,0.05000000000000001,0.013333333333333334,0.9,5.0,2
02115725,10.166666666666666,7.991666666666667,10.091666666666667,581.8333333333334,5.825,3.9075,1.5999999999999999,21.666666666666668,0.03833333333333334,0.525,0.08308333333333333,0.05583333333333334,0.0525,1.1833333333333333,7.083333333333333,2
02115750,10.908333333333333,7.9750000000000005,10.166666666666666,617.1666666666666,5.966666666666666,4.825,2.6666666666666665,19.425,0.10666666666666667,0.5916666666666667,0.2765,0.11583333333333333,0.14083333333333334,1.8666666666666665,7.583333333333333,2
02115762,9.25,8.191666666666666,11.233333333333334,458.5,8.016666666666667,2.283333333333333,1.1833333333333333,17.283333333333335,0.03166666666666667,0.5,0.0725,0.07333333333333333,0.018333333333333333,1.1500000000000001,5.0,2
02115775,13.166666666666666,8.025,8.424999999999999,750.4166666666666,21.583333333333332,12.591666666666667,8.166666666666666,6.875,0.13999999999999999,0.8083333333333335,0.25825000000000004,0.1175,0.075,2.975,30.583333333333332,3
02115790,10.833333333333334,7.95,10.0,687.5,9.9,4.101666666666667,3.8333333333333335,20.8,0.08666666666666667,0.5833333333333334,0.1915,0.07166666666666667,0.14333333333333334,1.5166666666666666,9.5,2
02115800,12.174999999999999,8.045833333333333,9.700000000000001,569.6666666666666,11.341666666666667,7.083333333333333,3.1166666666666667,22.575,0.045000000000000005,0.625,0.07225,0.06166666666666667,0.09250000000000001,1.5166666666666666,10.166666666666666,2
02115900,11.725,8.016666666666667,10.191666666666666,496.3333333333333,20.958333333333332,18.46666666666667,5.425,15.766666666666666,0.065,0.775,0.11083333333333334,0.07083333333333333,0.06583333333333334,1.6916666666666667,17.166666666666668,3
02115950,9.736363636363636,8.059090909090909,10.081818181818182,452.1818181818182,9.4,3.6363636363636362,1.3363636363636364,11.054545454545455,0.02909090909090909,0.5,0.04527272727272727,0.051818181818181826,0.034545454545454546,1.4545454545454546,6.818181818181818,2
02116000,11.408333333333333,8.279166666666667,9.758333333333333,581.25,13.008333333333333,9.206666666666667,3.4,15.958333333333334,0.08916666666666667,0.6,0.16458333333333333,0.07416666666666667,0.0775,1.5833333333333333,10.583333333333334,2
02116570,8.627272727272727,7.754545454545454,10.80909090909091,71.36363636363636,3.1181818181818177,1.3318181818181818,1.4272727272727272,3.9,0.01090909090909091,0.5,0.022363636363636363,0.05,0.01,1.2454545454545454,7.0,0
02116600,9.716666666666667,7.866666666666667,9.983333333333334,227.33333333333334,3.1666666666666665,1.64,2.0166666666666666,7.983333333333334,0.018333333333333333,0.5,0.026333333333333334,0.05333333333333334,0.021666666666666667,1.55,5.0,0
02117000,12.725,8.216666666666667,10.075000000000001,520.0833333333334,16.925,7.058333333333334,3.15,13.85,0.06833333333333334,0.5833333333333334,0.13066666666666668,0.07083333333333335,0.04833333333333333,1.4666666666666666,9.0,2
02117575,11.483333333333334,8.033333333333333,9.266666666666667,443.5,14.333333333333334,7.183333333333334,4.166666666666667,11.75,0.055,0.5666666666666667,0.12283333333333334,0.06,0.06833333333333334,1.55,11.166666666666666,2
02118000,14.583333333333334,8.145833333333334,9.4,507.4166666666667,13.441666666666668,5.414166666666667,2.716666666666667,13.200000000000001,0.06416666666666666,0.5666666666666667,0.11766666666666666,0.06166666666666667,0.04,1.3166666666666667,10.0,2
02118300,9.116666666666665,7.933333333333334,10.283333333333333,301.1666666666667,7.316666666666666,5.316666666666666,4.3,10.65,0.04833333333333334,0.5333333333333333,0.08616666666666667,0.07,0.06666666666666667,1.7666666666666666,10.666666666666666,2
02118500,10.433333333333334,8.241666666666667,10.266666666666667,396.4166666666667,15.708333333333334,7.175,2.725,13.975,0.04416666666666667,0.6,0.07583333333333334,0.06,0.056666666666666664,1.2333333333333334,8.333333333333334,2
02118750,10.225,7.9125000000000005,10.508333333333333,199.0,12.133333333333333,2.9166666666666665,1.9583333333333333,7.408333333333334,0.06,0.6583333333333333,0.14333333333333334,0.15,0.07666666666666667,1.9249999999999998,7.583333333333333,2
02119000,12.366666666666667,8.116666666666667,10.133333333333333,504.3333333333333,16.900000000000002,6.210833333333333,3.1,13.541666666666666,0.06749999999999999,0.6166666666666667,0.13375,0.09000000000000001,0.04583333333333334,1.4666666666666666,10.166666666666666,2
02120000,12.5,8.429166666666667,11.375,199.16666666666666,9.941666666666666,1.5783333333333334,3.141666666666667,6.608333333333333,0.041666666666666664,0.5666666666666667,0.07508333333333334,0.05416666666666667,0.02333333333333333,1.8333333333333333,10.083333333333334,2
02122200,8.975,7.6375,11.308333333333332,75.08333333333333,2.891666666666667,1.4283333333333335,2.3000000000000003,3.3166666666666664,0.010833333333333334,0.5166666666666667,0.016416666666666666,0.05000000000000001,0.01,1.2666666666666666,6.916666666666667,0
02122800,10.758333333333333,8.083333333333334,10.258333333333333,326.8333333333333,7.05,4.091666666666667,3.5083333333333333,9.466666666666667,0.05583333333333334,0.525,0.11316666666666668,0.06166666666666667,0.05333333333333334,1.5583333333333333,10.916666666666666,2
02123000,13.075000000000001,8.345833333333333,10.674999999999999,460.5833333333333,15.533333333333333,8.541666666666666,3.2916666666666665,12.075000000000001,0.0675,0.5833333333333334,0.12041666666666667,0.05583333333333334,0.03666666666666667,1.5999999999999999,10.0,2
02123500,10.245454545454546,7.881818181818182,11.145454545454545,123.18181818181819,5.836363636363637,2.790909090909091,2.854545454545455,8.472727272727273,0.024545454545454547,0.509090909090909,0.037909090909090906,0.051818181818181826,0.017272727272727273,1.4181818181818182,8.0,0
02124000,14.155555555555557,8.336111111111112,10.433333333333334,443.8888888888889,13.455555555555556,9.516666666666667,3.141666666666667,11.583333333333334,0.07333333333333333,0.7444444444444445,0.14066666666666666,0.07583333333333334,0.04,1.65,10.333333333333334,2
