"id","parametre_id","parametre_nom","alteration_id","alteration_nom","valeur","libelle","borne_inf_incluse","borne_sup_incluse","borne_inf","borne_sup","unite_mesure_code"
"10231","1301","Température de l'Eau","0","TEMP","1","Bleu","t","f","\N","24","27"
"10232","1301","Température de l'Eau","0","TEMP","2","Vert","t","f","24","25.5","27"
"10233","1301","Température de l'Eau","0","TEMP","3","Jaune","t","f","25.5","27","27"
"10234","1301","Température de l'Eau","0","TEMP","4","Orange","t","f","27","28","27"
"10235","1301","Température de l'Eau","0","TEMP","5","Rouge","t","f","28","\N","27"
"10236","1302","Potentiel en Hydrogène (pH)","1","ACID","5","Rouge","f","t","\N","4.5","264"
"10237","1302","Potentiel en Hydrogène (pH)","1","ACID","4","Orange","f","t","4.5","5.5","264"
"10238","1302","Potentiel en Hydrogène (pH)","1","ACID","3","Jaune","f","t","5.5","6","264"
"10239","1302","Potentiel en Hydrogène (pH)","1","ACID","2","Vert","f","t","6.5","6.5","264"
"10240","1302","Potentiel en Hydrogène (pH)","1","ACID","1","Bleu","t","f","6","8.1999999999999993","264"
"10241","1302","Potentiel en Hydrogène (pH)","1","ACID","2","Vert","t","f","8.1999999999999993","9","264"
"10242","1302","Potentiel en Hydrogène (pH)","1","ACID","3","Jaune","t","f","9","9.5","264"
"10243","1302","Potentiel en Hydrogène (pH)","1","ACID","4","Orange","t","f","9.5","10","264"
"10244","1302","Potentiel en Hydrogène (pH)","1","ACID","5","Rouge","t","f","10","\N","264"
"10245","1311","Oxygène dissous","2","BILO2","1","Bleu","f","t","8","\N","175"
"10246","1311","Oxygène dissous","2","BILO2","2","Vert","f","t","6","8","175"
"10247","1311","Oxygène dissous","2","BILO2","3","Jaune","f","t","4","6","175"
"10248","1311","Oxygène dissous","2","BILO2","4","Orange","f","t","3","4","175"
"10249","1311","Oxygène dissous","2","BILO2","5","Rouge","f","t","\N","3","175"
"10250","1312","Taux de saturation en oxygène","2","BILO2","1","Bleu","f","t","90","\N","243"
"10251","1312","Taux de saturation en oxygène","2","BILO2","2","Vert","f","t","70","90","243"
"10252","1312","Taux de saturation en oxygène","2","BILO2","3","Jaune","f","t","50","70","243"
"10253","1312","Taux de saturation en oxygène","2","BILO2","4","Orange","f","t","30","50","243"
"10254","1312","Taux de saturation en oxygène","2","BILO2","5","Rouge","f","t","\N","30","243"
"10255","1313","Demande Biochimique en oxygène en 5 jours (D.B.O.5)","2","BILO2","1","Bleu","t","f","\N","3","175"
"10256","1313","Demande Biochimique en oxygène en 5 jours (D.B.O.5)","2","BILO2","2","Vert","t","f","3","6","175"
"10257","1313","Demande Biochimique en oxygène en 5 jours (D.B.O.5)","2","BILO2","3","Jaune","t","f","6","10","175"
"10258","1313","Demande Biochimique en oxygène en 5 jours (D.B.O.5)","2","BILO2","4","Orange","t","f","10","25","175"
"10259","1313","Demande Biochimique en oxygène en 5 jours (D.B.O.5)","2","BILO2","5","Rouge","t","f","25","\N","175"
"10260","1841","Carbone Organique","2","BILO2","1","Bleu","t","f","\N","5","162"
"10261","1841","Carbone Organique","2","BILO2","2","Vert","t","f","5","7","162"
"10262","1841","Carbone Organique","2","BILO2","3","Jaune","t","f","7","10","162"
"10263","1841","Carbone Organique","2","BILO2","4","Orange","t","f","10","15","162"
"10264","1841","Carbone Organique","2","BILO2","5","Rouge","t","f","15","\N","162"
"10265","1335","Ammonium","3","NUTRI","1","Bleu","t","f","\N","0.10000000000000001","162"
"10266","1335","Ammonium","3","NUTRI","2","Vert","t","f","0.10000000000000001","0.5","162"
"10267","1335","Ammonium","3","NUTRI","3","Jaune","t","f","0.5","2","162"
"10268","1335","Ammonium","3","NUTRI","4","Orange","t","f","2","5","162"
"10269","1335","Ammonium","3","NUTRI","5","Rouge","t","f","5","\N","162"
"10270","1339","Nitrites","3","NUTRI","1","Bleu","t","f","\N","0.10000000000000001","162"
"10271","1339","Nitrites","3","NUTRI","2","Vert","t","f","0.10000000000000001","0.29999999999999999","162"
"10272","1339","Nitrites","3","NUTRI","3","Jaune","t","f","0.29999999999999999","0.5","162"
"10273","1339","Nitrites","3","NUTRI","4","Orange","t","f","0.5","1","162"
"10274","1339","Nitrites","3","NUTRI","5","Rouge","t","f","1","\N","162"
"10275","1340","Nitrates","3","NUTRI","1","Bleu","t","f","\N","10","162"
"10276","1340","Nitrates","3","NUTRI","2","Vert","t","f","10","50","162"
"10277","1340","Nitrates","3","NUTRI","3","Jaune","t","f","50","\N","162"
"10278","1433","Orthophosphates (PO4)","3","NUTRI","1","Bleu","t","f","\N","0.10000000000000001","162"
"10279","1433","Orthophosphates (PO4)","3","NUTRI","2","Vert","t","f","0.10000000000000001","0.5","162"
"10280","1433","Orthophosphates (PO4)","3","NUTRI","3","Jaune","t","f","0.5","1","162"
"10281","1433","Orthophosphates (PO4)","3","NUTRI","4","Orange","t","f","1","2","162"
"10282","1433","Orthophosphates (PO4)","3","NUTRI","5","Rouge","t","f","2","\N","162"
"10283","1350","Phosphore total","3","NUTRI","1","Bleu","t","f","\N","0.050000000000000003","162"
"10284","1350","Phosphore total","3","NUTRI","2","Vert","t","f","0.050000000000000003","0.20000000000000001","162"
"10285","1350","Phosphore total","3","NUTRI","3","Jaune","t","f","0.20000000000000001","0.5","162"
"10286","1350","Phosphore total","3","NUTRI","4","Orange","t","f","0.5","1","162"
"10287","1350","Phosphore total","3","NUTRI","5","Rouge","t","f","1","\N","162"
"10288","1369","Arsenic","4","POSPE","1","Bleu","t","f","\N","4.2000000000000002","133"
"10289","1369","Arsenic","4","POSPE","5","Rouge","t","f","4.2000000000000002","\N","133"
"10290","1389","Chrome","4","POSPE","1","Bleu","t","f","\N","3.3999999999999999","133"
"10291","1389","Chrome","4","POSPE","5","Rouge","t","f","3.3999999999999999","\N","133"
"10292","1392","Cuivre","4","POSPE","1","Bleu","t","f","\N","1.3999999999999999","133"
"10293","1392","Cuivre","4","POSPE","5","Rouge","t","f","1.3999999999999999","\N","133"
"10294","1383","Zinc","4","POSPE","1","Bleu","t","f","\N","7.7999999999999998","133"
"10295","1383","Zinc","4","POSPE","5","Rouge","t","f","7.7999999999999998","\N","133"
"10296","1136","Chlortoluron","4","POSPE","1","Bleu","t","f","\N","5","133"
"10297","1136","Chlortoluron","4","POSPE","5","Rouge","t","f","5","\N","133"
"10298","1667","Oxadiazon","4","POSPE","1","Bleu","t","f","\N","0.75","133"
"10299","1667","Oxadiazon","4","POSPE","5","Rouge","t","f","0.75","\N","133"
"10300","1209","Linuron","4","POSPE","1","Bleu","t","f","\N","1","133"
"10301","1209","Linuron","4","POSPE","5","Rouge","t","f","1","\N","133"
"10302","1141","2,4-D","4","POSPE","1","Bleu","t","f","\N","1.5","133"
"10303","1141","2,4-D","4","POSPE","5","Rouge","t","f","1.5","\N","133"
"10304","1212","2,4-MCPA","4","POSPE","1","Bleu","t","f","\N","0.10000000000000001","133"
"10305","1212","2,4-MCPA","4","POSPE","5","Rouge","t","f","0.10000000000000001","\N","133"
"10306","1101","Alachlore","5","SDP","1","Bleu","t","f","\N","0.29999999999999999","133"
"10307","1101","Alachlore","5","SDP","4","Orange","t","f","0.29999999999999999","0.69999999999999996","133"
"10308","1101","Alachlore","5","SDP","5","Rouge","t","f","0.69999999999999996","\N","133"
"10309","1458","Anthracène","5","SDP","1","Bleu","t","f","\N","0.10000000000000001","133"
"10310","1458","Anthracène","5","SDP","4","Orange","t","f","0.10000000000000001","0.40000000000000002","133"
"10311","1458","Anthracène","5","SDP","5","Rouge","t","f","0.40000000000000002","\N","133"
"10312","1107","Atrazine","5","SDP","1","Bleu","t","f","\N","0.59999999999999998","133"
"10313","1107","Atrazine","5","SDP","4","Orange","t","f","0.59999999999999998","2","133"
"10314","1107","Atrazine","5","SDP","5","Rouge","t","f","2","\N","133"
"10315","1114","Benzène","5","SDP","4","Orange","t","f","\N","10","133"
"10316","1114","Benzène","5","SDP","5","Rouge","t","f","10","50","133"
"10317","1114","Benzène","5","SDP","3","Jaune","t","f","50","\N","133"
"10318","1921","Pentabromodiphényl éther technique","5","SDP","1","Bleu","t","f","\N","0.00050000000000000001","133"
"10319","1921","Pentabromodiphényl éther technique","5","SDP","5","Rouge","t","f","0.00050000000000000001","\N","133"
"10320","1388","Cadmium","5","SDP","1","Bleu","t","f","\N","0.25","133"
"10321","1388","Cadmium","5","SDP","4","Orange","t","f","0.25","1.5","133"
"10322","1388","Cadmium","5","SDP","5","Rouge","t","f","1.5","\N","133"
"10323","1276","Tétrachlorure de carbone","5","SDP","1","Bleu","t","f","\N","12","133"
"10324","1276","Tétrachlorure de carbone","5","SDP","5","Rouge","t","f","12","\N","133"
"10325","1955","C10-C13-CHLOROALCANES","5","SDP","1","Bleu","t","f","\N","0.40000000000000002","133"
"10326","1955","C10-C13-CHLOROALCANES","5","SDP","4","Orange","t","f","0.40000000000000002","1.3999999999999999","133"
"10327","1955","C10-C13-CHLOROALCANES","5","SDP","5","Rouge","t","f","1.3999999999999999","\N","133"
"10328","1464","Chlorfenvinphos","5","SDP","1","Bleu","t","f","\N","0.10000000000000001","133"
"10329","1464","Chlorfenvinphos","5","SDP","4","Orange","t","f","0.10000000000000001","0.29999999999999999","133"
"10330","1464","Chlorfenvinphos","5","SDP","5","Rouge","t","f","0.29999999999999999","\N","133"
"10331","1083","Chlorpyriphos-éthyl","5","SDP","1","Bleu","t","f","\N","0.029999999999999999","133"
"10332","1083","Chlorpyriphos-éthyl","5","SDP","4","Orange","t","f","0.029999999999999999","0.10000000000000001","133"
"10333","1083","Chlorpyriphos-éthyl","5","SDP","5","Rouge","t","f","0.10000000000000001","\N","133"
"10334","-1","Pesticides cyclodiènes","5","SDP","1","Bleu","t","f","\N","0.01","133"
"10335","-1","Pesticides cyclodiènes","5","SDP","5","Rouge","t","f","0.01","\N","133"
"10336","6497","Somme du DDTop', DDTpp', DDEop', DDEpp', DDDop' et du  DDDpp'","5","SDP","1","Bleu","t","f","\N","0.025000000000000001","133"
"10337","6497","Somme du DDTop', DDTpp', DDEop', DDEpp', DDDop' et du  DDDpp'","5","SDP","5","Rouge","t","f","0.025000000000000001","\N","133"
"10338","1148","DDT 44'","5","SDP","1","Bleu","t","f","\N","0.01","133"
"10339","1148","DDT 44'","5","SDP","5","Rouge","t","f","0.01","\N","133"
"10340","1161","Dichloroéthane-1,2","5","SDP","1","Bleu","t","f","\N","10","133"
"10341","1161","Dichloroéthane-1,2","5","SDP","5","Rouge","t","f","10","\N","133"
"10342","1168","Dichlorométhane","5","SDP","1","Bleu","t","f","\N","20","133"
"10343","1168","Dichlorométhane","5","SDP","5","Rouge","t","f","20","\N","133"
"10344","6616","Di(2-ethylhexyl)phtalate","5","SDP","1","Bleu","t","f","\N","1.3","133"
"10345","6616","Di(2-ethylhexyl)phtalate","5","SDP","5","Rouge","t","f","1.3","\N","133"
"10346","1177","Diuron","5","SDP","1","Bleu","t","f","\N","0.20000000000000001","133"
"10347","1177","Diuron","5","SDP","4","Orange","t","f","0.20000000000000001","1.8","133"
"10348","1177","Diuron","5","SDP","5","Rouge","t","f","1.8","\N","133"
"10349","1743","Endosulfan","5","SDP","1","Bleu","t","f","\N","0.0050000000000000001","133"
"10350","1743","Endosulfan","5","SDP","4","Orange","t","f","0.0050000000000000001","0.01","133"
"10351","1743","Endosulfan","5","SDP","5","Rouge","t","f","0.01","\N","133"
"10352","1191","Fluoranthène","5","SDP","1","Bleu","t","f","\N","0.10000000000000001","133"
"10353","1191","Fluoranthène","5","SDP","4","Orange","t","f","0.10000000000000001","1","133"
"10354","1191","Fluoranthène","5","SDP","5","Rouge","t","f","1","\N","133"
"10355","1199","Hexachlorobenzène","5","SDP","1","Bleu","t","f","\N","0.01","133"
"10356","1199","Hexachlorobenzène","5","SDP","4","Orange","t","f","0.01","0.050000000000000003","133"
"10357","1199","Hexachlorobenzène","5","SDP","5","Rouge","t","f","0.050000000000000003","\N","133"
"10358","1652","Hexachlorobutadiène","5","SDP","1","Bleu","t","f","\N","0.10000000000000001","133"
"10359","1652","Hexachlorobutadiène","5","SDP","4","Orange","t","f","0.10000000000000001","0.59999999999999998","133"
"10360","1652","Hexachlorobutadiène","5","SDP","5","Rouge","t","f","0.59999999999999998","\N","133"
"10361","5537","Somme des Hexachlorocyclohexanes","5","SDP","1","Bleu","t","f","\N","0.02","133"
"10362","5537","Somme des Hexachlorocyclohexanes","5","SDP","4","Orange","t","f","0.02","0.040000000000000001","133"
"10363","5537","Somme des Hexachlorocyclohexanes","5","SDP","5","Rouge","t","f","0.040000000000000001","\N","133"
"10364","1208","Isoproturon","5","SDP","1","Bleu","t","f","\N","0.29999999999999999","133"
"10365","1208","Isoproturon","5","SDP","4","Orange","t","f","0.29999999999999999","1","133"
"10366","1208","Isoproturon","5","SDP","5","Rouge","t","f","1","\N","133"
"10367","1382","Plomb","5","SDP","1","Bleu","t","f","\N","7.2000000000000002","133"
"10368","1382","Plomb","5","SDP","5","Rouge","t","f","7.2000000000000002","\N","133"
"10369","1387","Mercure","5","SDP","1","Bleu","t","f","\N","0.050000000000000003","133"
"10370","1387","Mercure","5","SDP","4","Orange","t","f","0.050000000000000003","0.070000000000000007","133"
"10371","1387","Mercure","5","SDP","5","Rouge","t","f","0.070000000000000007","\N","133"
"10372","1517","Naphtalène","5","SDP","1","Bleu","t","f","\N","2.3999999999999999","133"
"10373","1517","Naphtalène","5","SDP","5","Rouge","t","f","2.3999999999999999","\N","133"
"10374","1386","Nickel","5","SDP","1","Bleu","t","f","\N","20","133"
"10375","1386","Nickel","5","SDP","5","Rouge","t","f","20","\N","133"
"10376","5474","4-n-nonylphénol","5","SDP","1","Bleu","t","f","\N","0.29999999999999999","133"
"10377","5474","4-n-nonylphénol","5","SDP","5","Rouge","t","f","0.29999999999999999","\N","133"
"10378","1959","4-tert-Octylphenol","5","SDP","1","Bleu","t","f","\N","0.10000000000000001","133"
"10379","1959","4-tert-Octylphenol","5","SDP","5","Rouge","t","f","0.01","\N","133"
"10380","1888","Pentachlorobenzene","5","SDP","1","Bleu","t","f","\N","0.0070000000000000001","133"
"10381","1888","Pentachlorobenzene","5","SDP","5","Rouge","t","f","0.0070000000000000001","1","133"
"10382","1235","Pentachlorophénol","5","SDP","1","Bleu","t","f","\N","0.40000000000000002","133"
"10383","1235","Pentachlorophénol","5","SDP","4","Orange","t","f","0.40000000000000002","1","133"
"10384","1235","Pentachlorophénol","5","SDP","5","Rouge","t","f","1","\N","133"
"10385","1115","Benzo(a)pyrène","5","SDP","1","Bleu","t","f","\N","0.050000000000000003","133"
"10386","1115","Benzo(a)pyrène","5","SDP","4","Orange","t","f","0.050000000000000003","0.10000000000000001","133"
"10387","1115","Benzo(a)pyrène","5","SDP","5","Rouge","t","f","0.10000000000000001","\N","133"
"10388","5535","Somme de Benzo(b)fluoranthène et Benzo(k)fluoranthène","5","SDP","1","Bleu","t","f","\N","0.029999999999999999","133"
"10389","5535","Somme de Benzo(b)fluoranthène et Benzo(k)fluoranthène","5","SDP","5","Rouge","t","f","0.029999999999999999","1","133"
"10390","5536","Somme de Benzo(g,h,i)pérylène et Indéno(1,2,3-cd)pyrène","5","SDP","1","Bleu","t","f","\N","0.002","133"
"10391","5536","Somme de Benzo(g,h,i)pérylène et Indéno(1,2,3-cd)pyrène","5","SDP","5","Rouge","t","f","0.002","1","133"
"10392","1263","Simazine","5","SDP","1","Bleu","t","f","\N","1","133"
"10393","1263","Simazine","5","SDP","4","Orange","t","f","1","4","133"
"10394","1263","Simazine","5","SDP","5","Rouge","t","f","4","\N","133"
"10395","1272","Tétrachloroéthylène","5","SDP","1","Bleu","t","f","\N","10","133"
"10396","1272","Tétrachloroéthylène","5","SDP","5","Rouge","t","f","10","\N","133"
"10397","1286","Trichloroéthylène","5","SDP","1","Bleu","t","f","\N","10","133"
"10398","1286","Trichloroéthylène","5","SDP","5","Rouge","t","f","10","\N","133"
"10399","2879","Tributyletain cation","5","SDP","1","Bleu","t","f","\N","0.00020000000000000001","133"
"10400","2879","Tributyletain cation","5","SDP","4","Orange","t","f","0.00020000000000000001","0.0015","133"
"10401","2879","Tributyletain cation","5","SDP","5","Rouge","t","f","0.0015","\N","133"
"10402","1774","Somme des Trichlorobenzenes","5","SDP","1","Bleu","t","f","\N","0.40000000000000002","133"
"10403","1774","Somme des Trichlorobenzenes","5","SDP","5","Rouge","t","f","0.40000000000000002","\N","133"
"10404","1135","Chloroforme","5","SDP","5","Rouge","t","f","\N","2.5","133"
"10405","1135","Chloroforme","5","SDP","1","Bleu","t","f","2.5","\N","133"
"10406","1289","Trifluraline","5","SDP","5","Rouge","t","f","\N","0.029999999999999999","133"
"10407","1289","Trifluraline","5","SDP","1","Bleu","t","f","0.0030000000000000001","\N","133"
"10408","1302","Potentiel en Hydrogène (pH)","6","EPRV","1","Bleu","t","f","\N","8","264"
"10409","1302","Potentiel en Hydrogène (pH)","6","EPRV","2","Vert","t","f","8","8.5","264"
"10410","1302","Potentiel en Hydrogène (pH)","6","EPRV","3","Jaune","t","f","8.5","9","264"
"10411","1302","Potentiel en Hydrogène (pH)","6","EPRV","4","Orange","t","f","9","9.5","264"
"10412","1302","Potentiel en Hydrogène (pH)","6","EPRV","5","Rouge","t","f","9.5","\N","264"
"10413","1312","Taux de saturation en oxygène","6","EPRV","1","Bleu","t","f","\N","110","243"
"10414","1312","Taux de saturation en oxygène","6","EPRV","2","Vert","t","f","110","130","243"
"10415","1312","Taux de saturation en oxygène","6","EPRV","3","Jaune","t","f","130","150","243"
"10416","1312","Taux de saturation en oxygène","6","EPRV","4","Orange","t","f","150","200","243"
"10417","1312","Taux de saturation en oxygène","6","EPRV","5","Rouge","t","f","200","\N","243"
"10418","1302","Potentiel en Hydrogène (pH)","7","ACID","5","Rouge","f","t","\N","4.5","264"
"10419","1302","Potentiel en Hydrogène (pH)","7","ACID","4","Orange","f","t","4.5","5.5","264"
"10420","1302","Potentiel en Hydrogène (pH)","7","ACID","3","Jaune","f","t","5.5","6","264"
"10421","1302","Potentiel en Hydrogène (pH)","7","ACID","2","Vert","f","t","6","6.5","264"
"10422","1302","Potentiel en Hydrogène (pH)","7","ACID","1","Bleu","f","f","6.5","8.1999999999999993","264"
"10423","1302","Potentiel en Hydrogène (pH)","7","ACID","2","Vert","t","f","8.1999999999999993","9","264"
"10424","1302","Potentiel en Hydrogène (pH)","7","ACID","3","Jaune","t","f","9","9.5","264"
"10425","1302","Potentiel en Hydrogène (pH)","7","ACID","4","Orange","t","f","9.5","10","264"
"10426","1302","Potentiel en Hydrogène (pH)","7","ACID","5","Rouge","t","f","10","\N","264"
"10427","1301","Température de l'Eau","8","TEMP","1","Bleu","t","f","\N","24","27"
"10428","1301","Température de l'Eau","8","TEMP","2","Vert","t","f","24","25.5","27"
"10429","1301","Température de l'Eau","8","TEMP","3","Jaune","t","f","25.5","27","27"
"10430","1301","Température de l'Eau","8","TEMP","4","Orange","t","f","27","28","27"
"10431","1301","Température de l'Eau","8","TEMP","5","Rouge","t","f","28","\N","27"
"10432","1311","Oxygène dissous","9","MOOX","1","Bleu","f","t","8","\N","175"
"10433","1311","Oxygène dissous","9","MOOX","2","Vert","f","t","6","8","175"
"10434","1311","Oxygène dissous","9","MOOX","3","Jaune","f","t","4","6","175"
"10435","1311","Oxygène dissous","9","MOOX","4","Orange","f","t","3","4","175"
"10436","1311","Oxygène dissous","9","MOOX","5","Rouge","f","t","\N","3","175"
"10437","1312","Taux de saturation en oxygène","9","MOOX","1","Bleu","f","t","90","\N","243"
"10438","1312","Taux de saturation en oxygène","9","MOOX","2","Vert","f","t","70","90","243"
"10439","1312","Taux de saturation en oxygène","9","MOOX","3","Jaune","f","t","50","70","243"
"10440","1312","Taux de saturation en oxygène","9","MOOX","4","Orange","f","t","30","50","243"
"10441","1312","Taux de saturation en oxygène","9","MOOX","5","Rouge","f","t","\N","30","243"
"10442","1313","Demande Biochimique en oxygène en 5 jours (D.B.O.5)","9","MOOX","1","Bleu","t","f","\N","3","175"
"10443","1313","Demande Biochimique en oxygène en 5 jours (D.B.O.5)","9","MOOX","2","Vert","t","f","3","6","175"
"10444","1313","Demande Biochimique en oxygène en 5 jours (D.B.O.5)","9","MOOX","3","Jaune","t","f","6","10","175"
"10445","1313","Demande Biochimique en oxygène en 5 jours (D.B.O.5)","9","MOOX","4","Orange","t","f","10","25","175"
"10446","1313","Demande Biochimique en oxygène en 5 jours (D.B.O.5)","9","MOOX","5","Rouge","t","f","25","\N","175"
"10447","1314","Demande Chimique en Oxygène (D.C.O.)","9","MOOX","1","Bleu","t","f","\N","20","175"
"10448","1314","Demande Chimique en Oxygène (D.C.O.)","9","MOOX","2","Vert","t","f","20","30","175"
"10449","1314","Demande Chimique en Oxygène (D.C.O.)","9","MOOX","3","Jaune","t","f","30","40","175"
"10450","1314","Demande Chimique en Oxygène (D.C.O.)","9","MOOX","4","Orange","t","f","40","80","175"
"10451","1314","Demande Chimique en Oxygène (D.C.O.)","9","MOOX","5","Rouge","t","f","80","\N","175"
"10462","1319","Azote Kjeldahl","9","MOOX","1","Bleu","t","f","\N","1","168"
"10463","1319","Azote Kjeldahl","9","MOOX","2","Vert","t","f","1","2","168"
"10464","1319","Azote Kjeldahl","9","MOOX","3","Jaune","t","f","2","4","168"
"10465","1319","Azote Kjeldahl","9","MOOX","4","Orange","t","f","4","6","168"
"10466","1319","Azote Kjeldahl","9","MOOX","5","Rouge","t","f","6","\N","168"
"10472","1319","Azote Kjeldahl","10","AZOT","1","Bleu","t","f","\N","1","168"
"10473","1319","Azote Kjeldahl","10","AZOT","2","Vert","t","f","1","2","168"
"10474","1319","Azote Kjeldahl","10","AZOT","3","Jaune","t","f","2","4","168"
"10475","1319","Azote Kjeldahl","10","AZOT","4","Orange","t","f","4","10","168"
"10476","1319","Azote Kjeldahl","10","AZOT","5","Rouge","t","f","10","\N","168"
"10497","1305","Matières en suspension","13","PAES","1","Bleu","t","f","\N","2","162"
"10498","1305","Matières en suspension","13","PAES","2","Vert","t","f","2","25","162"
"10499","1305","Matières en suspension","13","PAES","3","Jaune","t","f","25","38","162"
"10500","1305","Matières en suspension","13","PAES","4","Orange","t","f","38","50","162"
"10501","1305","Matières en suspension","13","PAES","5","Rouge","t","f","50","\N","162"
"10502","1295","Turbidité Formazine Néphélométrique","13","PAES","1","Bleu","t","f","\N","1","233"
"10503","1295","Turbidité Formazine Néphélométrique","13","PAES","2","Vert","t","f","1","35","233"
"10504","1295","Turbidité Formazine Néphélométrique","13","PAES","3","Jaune","t","f","35","70","233"
"10505","1295","Turbidité Formazine Néphélométrique","13","PAES","4","Orange","t","f","70","100","233"
"10506","1295","Turbidité Formazine Néphélométrique","13","PAES","5","Rouge","t","f","100","\N","233"
"10507","1303","Conductivité à 25°C","14","MINE","5","Rouge","f","t","\N","0","147"
"10508","1303","Conductivité à 25°C","14","MINE","4","Orange","f","t","0","60","147"
"10509","1303","Conductivité à 25°C","14","MINE","3","Jaune","f","t","60","120","147"
"10510","1303","Conductivité à 25°C","14","MINE","2","Vert","f","t","120","180","147"
"10511","1303","Conductivité à 25°C","14","MINE","1","Bleu","f","f","180","2500","147"
"10512","1303","Conductivité à 25°C","14","MINE","2","Vert","t","f","2500","3000","147"
"10513","1303","Conductivité à 25°C","14","MINE","3","Jaune","t","f","3000","3500","147"
"10514","1303","Conductivité à 25°C","14","MINE","4","Orange","t","f","3500","4000","147"
"10515","1303","Conductivité à 25°C","14","MINE","5","Rouge","t","f","4000","\N","147"
"10545","1347","Titre alcalimétrique complet (T.A.C.)","14","MINE","5","Rouge","f","t","\N","0","28"
"10546","1347","Titre alcalimétrique complet (T.A.C.)","14","MINE","4","Orange","f","t","0","3","28"
"10547","1347","Titre alcalimétrique complet (T.A.C.)","14","MINE","3","Jaune","f","t","3","5","28"
"10548","1347","Titre alcalimétrique complet (T.A.C.)","14","MINE","2","Vert","f","t","5","8","28"
"10549","1347","Titre alcalimétrique complet (T.A.C.)","14","MINE","1","Bleu","f","f","8","40","28"
"10550","1347","Titre alcalimétrique complet (T.A.C.)","14","MINE","2","Vert","t","f","40","58","28"
"10551","1347","Titre alcalimétrique complet (T.A.C.)","14","MINE","3","Jaune","t","f","58","75","28"
"10516","1337","Chlorures","14","MINE","1","Bleu","f","t","\N","50","162"
"10517","1337","Chlorures","14","MINE","2","Vert","f","t","50","100","162"
"10518","1337","Chlorures","14","MINE","3","Jaune","f","t","100","150","162"
"10519","1337","Chlorures","14","MINE","4","Orange","f","t","150","200","162"
"10520","1337","Chlorures","14","MINE","5","Rouge","f","t","200","\N","162"
"10521","1338","Sulfates","14","MINE","1","Bleu","f","t","\N","60","162"
"10522","1338","Sulfates","14","MINE","2","Vert","f","t","60","120","162"
"10523","1338","Sulfates","14","MINE","3","Jaune","f","t","120","190","162"
"10524","1338","Sulfates","14","MINE","4","Orange","f","t","190","250","162"
"10525","1338","Sulfates","14","MINE","5","Rouge","f","t","250","\N","162"
"10477","1339","Nitrites","10","AZOT","1","Bleu","t","f","\N","0.029999999999999999","162"
"10478","1339","Nitrites","10","AZOT","2","Vert","t","f","0.029999999999999999","0.29999999999999999","162"
"10479","1339","Nitrites","10","AZOT","3","Jaune","t","f","0.29999999999999999","0.5","162"
"10480","1339","Nitrites","10","AZOT","4","Orange","t","f","0.5","1","162"
"10481","1339","Nitrites","10","AZOT","5","Rouge","t","f","1","\N","162"
"10482","1340","Nitrates","11","NITR","1","Bleu","t","f","\N","2","162"
"10483","1340","Nitrates","11","NITR","2","Vert","t","f","2","10","162"
"10484","1340","Nitrates","11","NITR","3","Jaune","t","f","10","25","162"
"10485","1340","Nitrates","11","NITR","4","Orange","t","f","25","50","162"
"10486","1340","Nitrates","11","NITR","5","Rouge","t","f","50","\N","162"
"10492","1350","Phosphore total","12","PHOS","1","Bleu","t","f","\N","0.050000000000000003","162"
"10493","1350","Phosphore total","12","PHOS","2","Vert","t","f","0.050000000000000003","0.20000000000000001","162"
"10494","1350","Phosphore total","12","PHOS","3","Jaune","t","f","0.20000000000000001","0.5","162"
"10495","1350","Phosphore total","12","PHOS","4","Orange","t","f","0.5","1","162"
"10496","1350","Phosphore total","12","PHOS","5","Rouge","t","f","1","\N","162"
"10535","1372","Magnésium","14","MINE","1","Bleu","t","f","\N","50","162"
"10536","1372","Magnésium","14","MINE","2","Vert","t","f","50","75","162"
"10537","1372","Magnésium","14","MINE","3","Jaune","t","f","75","100","162"
"10538","1372","Magnésium","14","MINE","4","Orange","t","f","100","400","162"
"10539","1372","Magnésium","14","MINE","5","Rouge","t","f","400","\N","162"
"10526","1374","Calcium","14","MINE","5","Rouge","f","t","\N","0","162"
"10527","1374","Calcium","14","MINE","4","Orange","f","t","0","12","162"
"10528","1374","Calcium","14","MINE","3","Jaune","f","t","12","22","162"
"10529","1374","Calcium","14","MINE","2","Vert","f","t","22","32","162"
"10530","1374","Calcium","14","MINE","1","Bleu","f","f","32","160","162"
"10531","1374","Calcium","14","MINE","2","Vert","t","f","160","230","162"
"10532","1374","Calcium","14","MINE","3","Jaune","t","f","230","300","162"
"10533","1374","Calcium","14","MINE","4","Orange","t","f","300","500","162"
"10540","1375","Sodium","14","MINE","1","Bleu","t","f","\N","200","162"
"10541","1375","Sodium","14","MINE","2","Vert","t","f","200","225","162"
"10542","1375","Sodium","14","MINE","3","Jaune","t","f","225","250","162"
"10543","1375","Sodium","14","MINE","4","Orange","t","f","250","750","162"
"10544","1375","Sodium","14","MINE","5","Rouge","t","f","750","\N","162"
"10487","1433","Orthophosphates (PO4)","12","PHOS","1","Bleu","t","f","\N","0.10000000000000001","162"
"10488","1433","Orthophosphates (PO4)","12","PHOS","2","Vert","t","f","0.10000000000000001","0.5","162"
"10489","1433","Orthophosphates (PO4)","12","PHOS","3","Jaune","t","f","0.5","1","162"
"10490","1433","Orthophosphates (PO4)","12","PHOS","4","Orange","t","f","1","2","162"
"10491","1433","Orthophosphates (PO4)","12","PHOS","5","Rouge","t","f","2","\N","162"
"10452","1841","Carbone Organique","9","MOOX","1","Bleu","t","f","\N","5","162"
"10453","1841","Carbone Organique","9","MOOX","2","Vert","t","f","5","7","162"
"10454","1841","Carbone Organique","9","MOOX","3","Jaune","t","f","7","10","162"
"10455","1841","Carbone Organique","9","MOOX","4","Orange","t","f","10","15","162"
"10456","1841","Carbone Organique","9","MOOX","5","Rouge","t","f","15","\N","162"
"10552","1347","Titre alcalimétrique complet (T.A.C.)","14","MINE","4","Orange","t","f","75","100","28"
"10553","1347","Titre alcalimétrique complet (T.A.C.)","14","MINE","5","Rouge","t","f","100","\N","28"
"10554","1345","Dureté totale","14","MINE","5","Rouge","f","t","\N","0","28"
"10555","1345","Dureté totale","14","MINE","4","Orange","f","t","0","4","28"
"10556","1345","Dureté totale","14","MINE","3","Jaune","f","t","4","6","28"
"10557","1345","Dureté totale","14","MINE","2","Vert","f","t","6","8","28"
"10558","1345","Dureté totale","14","MINE","1","Bleu","f","f","8","40","28"
"10559","1345","Dureté totale","14","MINE","2","Vert","t","f","40","70","28"
"10560","1345","Dureté totale","14","MINE","3","Jaune","t","f","70","90","28"
"10561","1345","Dureté totale","14","MINE","4","Orange","t","f","90","125","28"
"10562","1345","Dureté totale","14","MINE","5","Rouge","t","f","125","\N","28"
"10563","1447","Coliformes","15","BACT","1","Bleu","t","f","\N","50","226"
"10564","1447","Coliformes","15","BACT","2","Vert","t","f","50","500","226"
"10565","1447","Coliformes","15","BACT","3","Jaune","t","f","500","5000","226"
"10566","1447","Coliformes","15","BACT","4","Orange","t","f","5000","10000","226"
"10567","1447","Coliformes","15","BACT","5","Rouge","t","f","10000","\N","226"
"10568","1449","Escherichia coli (E. coli)","15","BACT","1","Bleu","t","f","\N","20","226"
"10569","1449","Escherichia coli (E. coli)","15","BACT","2","Vert","t","f","20","200","226"
"10570","1449","Escherichia coli (E. coli)","15","BACT","3","Jaune","t","f","200","2000","226"
"10571","1449","Escherichia coli (E. coli)","15","BACT","4","Orange","t","f","2000","20000","226"
"10572","1449","Escherichia coli (E. coli)","15","BACT","5","Rouge","t","f","20000","\N","226"
"10578","1369","Arsenic","16","MPMI","1","Bleu","t","f","\N","1","133"
"10579","1369","Arsenic","16","MPMI","2","Vert","t","f","1","35","133"
"10580","1369","Arsenic","16","MPMI","3","Jaune","t","f","35","70","133"
"10581","1369","Arsenic","16","MPMI","4","Orange","t","f","70","100","133"
"10582","1369","Arsenic","16","MPMI","5","Rouge","t","f","100","\N","133"
"10588","1388","Cadmium","16","MPMI","1","Bleu","t","f","\N","0.0089999999999999993","133"
"10589","1388","Cadmium","16","MPMI","2","Vert","t","f","0.0089999999999999993","0.089999999999999997","133"
"10590","1388","Cadmium","16","MPMI","3","Jaune","t","f","0.089999999999999997","0.84999999999999998","133"
"10591","1388","Cadmium","16","MPMI","4","Orange","t","f","0.84999999999999998","3","133"
"10592","1388","Cadmium","16","MPMI","5","Rouge","t","f","3","\N","133"
"10598","1389","Chrome","16","MPMI","1","Bleu","t","f","\N","0.35999999999999999","133"
"10599","1389","Chrome","16","MPMI","2","Vert","t","f","0.35999999999999999","3.6000000000000001","133"
"10600","1389","Chrome","16","MPMI","3","Jaune","t","f","3.6000000000000001","36","133"
"10601","1389","Chrome","16","MPMI","4","Orange","t","f","36","50","133"
"10602","1389","Chrome","16","MPMI","5","Rouge","t","f","50","\N","133"
"10608","1392","Cuivre","16","MPMI","1","Bleu","t","f","\N","0.27000000000000002","133"
"10609","1392","Cuivre","16","MPMI","2","Vert","t","f","0.27000000000000002","2.7000000000000002","133"
"10610","1392","Cuivre","16","MPMI","3","Jaune","t","f","2.7000000000000002","27","133"
"10611","1392","Cuivre","16","MPMI","4","Orange","t","f","27","40","133"
"10612","1392","Cuivre","16","MPMI","5","Rouge","t","f","40","\N","133"
"10613","1084","Cyanures libres","16","MPMI","1","Bleu","t","f","\N","0.02","133"
"10614","1084","Cyanures libres","16","MPMI","2","Vert","t","f","0.02","0.20000000000000001","133"
"10615","1084","Cyanures libres","16","MPMI","3","Jaune","t","f","0.20000000000000001","2","133"
"10616","1084","Cyanures libres","16","MPMI","4","Orange","t","f","2","240","133"
"10617","1084","Cyanures libres","16","MPMI","5","Rouge","t","f","240","\N","133"
"10623","1380","Etain","16","MPMI","1","Bleu","t","f","\N","1","133"
"10624","1380","Etain","16","MPMI","2","Vert","t","f","1","10","133"
"10625","1380","Etain","16","MPMI","3","Jaune","t","f","10","100","133"
"10626","1380","Etain","16","MPMI","4","Orange","t","f","100","55000","133"
"10627","1380","Etain","16","MPMI","5","Rouge","t","f","55000","\N","133"
"10633","1387","Mercure","16","MPMI","1","Bleu","t","f","\N","0.0070000000000000001","133"
"10634","1387","Mercure","16","MPMI","2","Vert","t","f","0.0070000000000000001","0.070000000000000007","133"
"10635","1387","Mercure","16","MPMI","3","Jaune","t","f","0.070000000000000007","0.69999999999999996","133"
"10636","1387","Mercure","16","MPMI","4","Orange","t","f","0.69999999999999996","1","133"
"10637","1387","Mercure","16","MPMI","5","Rouge","t","f","1","\N","133"
"10643","1386","Nickel","16","MPMI","1","Bleu","t","f","\N","1.2","133"
"10644","1386","Nickel","16","MPMI","2","Vert","t","f","1.2","12","133"
"10645","1386","Nickel","16","MPMI","3","Jaune","t","f","12","26","133"
"10646","1386","Nickel","16","MPMI","4","Orange","t","f","26","40","133"
"10647","1386","Nickel","16","MPMI","5","Rouge","t","f","40","\N","133"
"10653","1382","Plomb","16","MPMI","1","Bleu","t","f","\N","1","133"
"10654","1382","Plomb","16","MPMI","2","Vert","t","f","1","10","133"
"10655","1382","Plomb","16","MPMI","3","Jaune","t","f","10","30","133"
"10656","1382","Plomb","16","MPMI","4","Orange","t","f","30","50","133"
"10657","1382","Plomb","16","MPMI","5","Rouge","t","f","50","\N","133"
"10618","1380","Etain","16","MPMI","1","Bleu","t","f","\N","1","133"
"10619","1380","Etain","16","MPMI","2","Vert","t","f","1","10","133"
"10620","1380","Etain","16","MPMI","3","Jaune","t","f","10","100","133"
"10621","1380","Etain","16","MPMI","4","Orange","t","f","100","55000","133"
"10622","1380","Etain","16","MPMI","5","Rouge","t","f","55000","\N","133"
"10648","1382","Plomb","16","MPMI","1","Bleu","t","f","\N","1","133"
"10649","1382","Plomb","16","MPMI","2","Vert","t","f","1","10","133"
"10650","1382","Plomb","16","MPMI","3","Jaune","t","f","10","30","133"
"10651","1382","Plomb","16","MPMI","4","Orange","t","f","30","50","133"
"10658","1383","Zinc","16","MPMI","1","Bleu","t","f","\N","1.3999999999999999","133"
"10638","1386","Nickel","16","MPMI","1","Bleu","t","f","\N","1.2","133"
"10639","1386","Nickel","16","MPMI","2","Vert","t","f","1.2","12","133"
"10640","1386","Nickel","16","MPMI","3","Jaune","t","f","12","26","133"
"10641","1386","Nickel","16","MPMI","4","Orange","t","f","26","40","133"
"10642","1386","Nickel","16","MPMI","5","Rouge","t","f","40","\N","133"
"10628","1387","Mercure","16","MPMI","1","Bleu","t","f","\N","0.0070000000000000001","133"
"10629","1387","Mercure","16","MPMI","2","Vert","t","f","0.0070000000000000001","0.070000000000000007","133"
"10630","1387","Mercure","16","MPMI","3","Jaune","t","f","0.070000000000000007","0.69999999999999996","133"
"10631","1387","Mercure","16","MPMI","4","Orange","t","f","0.69999999999999996","1","133"
"10632","1387","Mercure","16","MPMI","5","Rouge","t","f","1","\N","133"
"10583","1388","Cadmium","16","MPMI","1","Bleu","t","f","\N","0.0089999999999999993","133"
"10584","1388","Cadmium","16","MPMI","2","Vert","t","f","0.0089999999999999993","0.089999999999999997","133"
"10585","1388","Cadmium","16","MPMI","3","Jaune","t","f","0.089999999999999997","0.84999999999999998","133"
"10586","1388","Cadmium","16","MPMI","4","Orange","t","f","0.84999999999999998","3","133"
"10587","1388","Cadmium","16","MPMI","5","Rouge","t","f","3","\N","133"
"10593","1389","Chrome","16","MPMI","1","Bleu","t","f","\N","0.35999999999999999","133"
"10594","1389","Chrome","16","MPMI","2","Vert","t","f","0.35999999999999999","3.6000000000000001","133"
"10595","1389","Chrome","16","MPMI","3","Jaune","t","f","3.6000000000000001","36","133"
"10596","1389","Chrome","16","MPMI","4","Orange","t","f","36","50","133"
"10603","1392","Cuivre","16","MPMI","1","Bleu","t","f","\N","0.27000000000000002","133"
"10604","1392","Cuivre","16","MPMI","2","Vert","t","f","0.27000000000000002","2.7000000000000002","133"
"10605","1392","Cuivre","16","MPMI","3","Jaune","t","f","2.7000000000000002","27","133"
"10606","1392","Cuivre","16","MPMI","4","Orange","t","f","27","40","133"
"10607","1392","Cuivre","16","MPMI","5","Rouge","t","f","40","\N","133"
"10663","1383","Zinc","16","MPMI","1","Bleu","t","f","\N","1.3999999999999999","133"
"10664","1383","Zinc","16","MPMI","2","Vert","t","f","1.3999999999999999","14","133"
"10665","1383","Zinc","16","MPMI","3","Jaune","t","f","14","140","133"
"10666","1383","Zinc","16","MPMI","4","Orange","t","f","140","330","133"
"10667","1383","Zinc","16","MPMI","5","Rouge","t","f","330","\N","133"
"10668","2522","2,4-D-ester","17","PEST","1","Bleu","t","f","\N","1.0000000000000001e-05","133"
"10669","2522","2,4-D-ester","17","PEST","2","Vert","t","f","1.0000000000000001e-05","0.0001","133"
"10670","2522","2,4-D-ester","17","PEST","3","Jaune","t","f","0.0001","0.001","133"
"10671","2522","2,4-D-ester","17","PEST","4","Orange","t","f","0.001","0.10000000000000001","133"
"10672","2522","2,4-D-ester","17","PEST","5","Rouge","t","f","0.10000000000000001","\N","133"
"10673","1212","2,4-MCPA","17","PEST","1","Bleu","t","f","\N","0.10000000000000001","133"
"10674","1212","2,4-MCPA","17","PEST","2","Vert","t","f","0.10000000000000001","0.69999999999999996","133"
"10675","1212","2,4-MCPA","17","PEST","3","Jaune","t","f","0.69999999999999996","1.3999999999999999","133"
"10676","1212","2,4-MCPA","17","PEST","4","Orange","t","f","1.3999999999999999","2","133"
"10677","1212","2,4-MCPA","17","PEST","5","Rouge","t","f","2","\N","133"
"10678","1688","Aclonifène","17","PEST","1","Bleu","t","f","\N","0.0070000000000000001","133"
"10679","1688","Aclonifène","17","PEST","2","Vert","t","f","0.0070000000000000001","0.070000000000000007","133"
"10680","1688","Aclonifène","17","PEST","3","Jaune","t","f","0.070000000000000007","0.69999999999999996","133"
"10681","1688","Aclonifène","17","PEST","4","Orange","t","f","0.69999999999999996","2","133"
"10682","1688","Aclonifène","17","PEST","5","Rouge","t","f","2","\N","133"
"10683","1101","Alachlore","17","PEST","1","Bleu","t","f","\N","0.10000000000000001","133"
"10684","1101","Alachlore","17","PEST","2","Vert","t","f","0.10000000000000001","0.69999999999999996","133"
"10685","1101","Alachlore","17","PEST","3","Jaune","t","f","0.69999999999999996","1.3999999999999999","133"
"10686","1101","Alachlore","17","PEST","4","Orange","t","f","1.3999999999999999","2","133"
"10687","1101","Alachlore","17","PEST","5","Rouge","t","f","2","\N","133"
"10688","1102","Aldicarbe","17","PEST","1","Bleu","t","f","\N","0.0050000000000000001","133"
"10689","1102","Aldicarbe","17","PEST","2","Vert","t","f","0.0050000000000000001","0.050000000000000003","133"
"10690","1102","Aldicarbe","17","PEST","3","Jaune","t","f","0.050000000000000003","0.5","133"
"10691","1102","Aldicarbe","17","PEST","4","Orange","t","f","0.5","2","133"
"10692","1102","Aldicarbe","17","PEST","5","Rouge","t","f","2","\N","133"
"10693","1103","Aldrine","17","PEST","1","Bleu","t","f","\N","0.001","133"
"10694","1103","Aldrine","17","PEST","2","Vert","t","f","0.001","0.050000000000000003","133"
"10695","1103","Aldrine","17","PEST","3","Jaune","t","f","0.050000000000000003","0.20000000000000001","133"
"10696","1103","Aldrine","17","PEST","4","Orange","t","f","0.20000000000000001","1","133"
"10697","1103","Aldrine","17","PEST","5","Rouge","t","f","1","\N","133"
"10698","1105","Aminotriazole","17","PEST","1","Bleu","t","f","\N","0.10000000000000001","133"
"10699","1105","Aminotriazole","17","PEST","2","Vert","t","f","0.10000000000000001","0.69999999999999996","133"
"10700","1105","Aminotriazole","17","PEST","3","Jaune","t","f","0.69999999999999996","1.3999999999999999","133"
"10701","1105","Aminotriazole","17","PEST","4","Orange","t","f","1.3999999999999999","2","133"
"10702","1105","Aminotriazole","17","PEST","5","Rouge","t","f","2","\N","133"
"10703","1107","Atrazine","17","PEST","1","Bleu","t","f","\N","0.02","133"
"10704","1107","Atrazine","17","PEST","2","Vert","t","f","0.02","0.20000000000000001","133"
"10705","1107","Atrazine","17","PEST","3","Jaune","t","f","0.20000000000000001","1","133"
"10706","1107","Atrazine","17","PEST","4","Orange","t","f","1","2","133"
"10707","1107","Atrazine","17","PEST","5","Rouge","t","f","2","\N","133"
"10708","1108","Atrazine déséthyl","17","PEST","1","Bleu","t","f","\N","0.02","133"
"10709","1108","Atrazine déséthyl","17","PEST","2","Vert","t","f","0.02","0.20000000000000001","133"
"10710","1108","Atrazine déséthyl","17","PEST","3","Jaune","t","f","0.20000000000000001","1","133"
"10711","1108","Atrazine déséthyl","17","PEST","4","Orange","t","f","1","2","133"
"10712","1108","Atrazine déséthyl","17","PEST","5","Rouge","t","f","2","\N","133"
"10713","1113","Bentazone","17","PEST","1","Bleu","t","f","\N","0.10000000000000001","133"
"10714","1113","Bentazone","17","PEST","2","Vert","t","f","0.10000000000000001","0.69999999999999996","133"
"10715","1113","Bentazone","17","PEST","3","Jaune","t","f","0.69999999999999996","1.3999999999999999","133"
"10716","1113","Bentazone","17","PEST","4","Orange","t","f","1.3999999999999999","2","133"
"10717","1113","Bentazone","17","PEST","5","Rouge","t","f","2","\N","133"
"10718","1119","Bifénox","17","PEST","1","Bleu","t","f","\N","0.0070000000000000001","133"
"10719","1119","Bifénox","17","PEST","2","Vert","t","f","0.0070000000000000001","0.070000000000000007","133"
"10720","1119","Bifénox","17","PEST","3","Jaune","t","f","0.070000000000000007","0.69999999999999996","133"
"10721","1119","Bifénox","17","PEST","4","Orange","t","f","0.69999999999999996","2","133"
"10722","1119","Bifénox","17","PEST","5","Rouge","t","f","2","\N","133"
"10723","1128","Captane","17","PEST","1","Bleu","t","f","\N","0.10000000000000001","133"
"10724","1128","Captane","17","PEST","2","Vert","t","f","0.10000000000000001","0.69999999999999996","133"
"10725","1128","Captane","17","PEST","3","Jaune","t","f","0.69999999999999996","1.3999999999999999","133"
"10726","1128","Captane","17","PEST","4","Orange","t","f","1.3999999999999999","2","133"
"10727","1128","Captane","17","PEST","5","Rouge","t","f","2","\N","133"
"10728","1129","Carbendazime","17","PEST","1","Bleu","t","f","\N","0.00069999999999999999","133"
"10729","1129","Carbendazime","17","PEST","2","Vert","t","f","0.00069999999999999999","0.0070000000000000001","133"
"10730","1129","Carbendazime","17","PEST","3","Jaune","t","f","0.0070000000000000001","0.070000000000000007","133"
"10731","1129","Carbendazime","17","PEST","4","Orange","t","f","0.070000000000000007","2","133"
"10732","1129","Carbendazime","17","PEST","5","Rouge","t","f","2","\N","133"
"10733","1130","Carbofuran","17","PEST","1","Bleu","t","f","\N","0.0015","133"
"10734","1130","Carbofuran","17","PEST","2","Vert","t","f","0.0015","0.014999999999999999","133"
"10735","1130","Carbofuran","17","PEST","3","Jaune","t","f","0.014999999999999999","0.14999999999999999","133"
"10736","1130","Carbofuran","17","PEST","4","Orange","t","f","0.14999999999999999","2","133"
"10737","1130","Carbofuran","17","PEST","5","Rouge","t","f","2","\N","133"
"10738","1464","Chlorfenvinphos","17","PEST","1","Bleu","t","f","\N","0.00029999999999999997","133"
"10739","1464","Chlorfenvinphos","17","PEST","2","Vert","t","f","0.00029999999999999997","0.0030000000000000001","133"
"10740","1464","Chlorfenvinphos","17","PEST","3","Jaune","t","f","0.0030000000000000001","0.029999999999999999","133"
"10741","1464","Chlorfenvinphos","17","PEST","4","Orange","t","f","0.029999999999999999","2","133"
"10742","1464","Chlorfenvinphos","17","PEST","5","Rouge","t","f","2","\N","133"
"10743","1473","Chlorothalonil","17","PEST","1","Bleu","t","f","\N","0.00040000000000000002","133"
"10744","1473","Chlorothalonil","17","PEST","2","Vert","t","f","0.00040000000000000002","0.0040000000000000001","133"
"10745","1473","Chlorothalonil","17","PEST","3","Jaune","t","f","0.0040000000000000001","0.040000000000000001","133"
"10746","1473","Chlorothalonil","17","PEST","4","Orange","t","f","0.040000000000000001","2","133"
"10747","1473","Chlorothalonil","17","PEST","5","Rouge","t","f","2","\N","133"
"10748","1083","Chlorpyriphos-éthyl","17","PEST","1","Bleu","t","f","\N","5.0000000000000002e-05","133"
"10749","1083","Chlorpyriphos-éthyl","17","PEST","2","Vert","t","f","5.0000000000000002e-05","0.00050000000000000001","133"
"10750","1083","Chlorpyriphos-éthyl","17","PEST","3","Jaune","t","f","0.00050000000000000001","0.0050000000000000001","133"
"10751","1083","Chlorpyriphos-éthyl","17","PEST","4","Orange","t","f","0.0050000000000000001","0.050000000000000003","133"
"10752","1083","Chlorpyriphos-éthyl","17","PEST","5","Rouge","t","f","0.050000000000000003","\N","133"
"10753","1139","Cymoxanil","17","PEST","1","Bleu","t","f","\N","0.0060000000000000001","133"
"10754","1139","Cymoxanil","17","PEST","2","Vert","t","f","0.0060000000000000001","0.059999999999999998","133"
"10755","1139","Cymoxanil","17","PEST","3","Jaune","t","f","0.059999999999999998","0.59999999999999998","133"
"10756","1139","Cymoxanil","17","PEST","4","Orange","t","f","0.59999999999999998","2","133"
"10757","1139","Cymoxanil","17","PEST","5","Rouge","t","f","2","\N","133"
"10758","1359","Cyprodinil","17","PEST","1","Bleu","t","f","\N","0.01","133"
"10759","1359","Cyprodinil","17","PEST","2","Vert","t","f","0.01","0.10000000000000001","133"
"10760","1359","Cyprodinil","17","PEST","3","Jaune","t","f","0.10000000000000001","1","133"
"10761","1359","Cyprodinil","17","PEST","4","Orange","t","f","1","2","133"
"10762","1359","Cyprodinil","17","PEST","5","Rouge","t","f","2","\N","133"
"10763","1143","DDD 24'","17","PEST","1","Bleu","t","f","\N","0.00059999999999999995","133"
"10764","1143","DDD 24'","17","PEST","2","Vert","t","f","0.00059999999999999995","0.0060000000000000001","133"
"10765","1143","DDD 24'","17","PEST","3","Jaune","t","f","0.0060000000000000001","0.059999999999999998","133"
"10766","1143","DDD 24'","17","PEST","4","Orange","t","f","0.059999999999999998","0.59999999999999998","133"
"10767","1143","DDD 24'","17","PEST","5","Rouge","t","f","0.59999999999999998","\N","133"
"10768","1144","DDD 44'","17","PEST","1","Bleu","t","f","\N","0.00059999999999999995","133"
"10769","1144","DDD 44'","17","PEST","2","Vert","t","f","0.00059999999999999995","0.0060000000000000001","133"
"10770","1144","DDD 44'","17","PEST","3","Jaune","t","f","0.0060000000000000001","0.059999999999999998","133"
"10771","1144","DDD 44'","17","PEST","4","Orange","t","f","0.059999999999999998","0.59999999999999998","133"
"10772","1144","DDD 44'","17","PEST","5","Rouge","t","f","0.59999999999999998","\N","133"
"10773","1145","DDE 24'","17","PEST","1","Bleu","t","f","\N","0.029999999999999999","133"
"10774","1145","DDE 24'","17","PEST","2","Vert","t","f","0.029999999999999999","0.29999999999999999","133"
"10775","1145","DDE 24'","17","PEST","3","Jaune","t","f","0.29999999999999999","1.6000000000000001","133"
"10776","1145","DDE 24'","17","PEST","4","Orange","t","f","1.6000000000000001","2","133"
"10777","1145","DDE 24'","17","PEST","5","Rouge","t","f","2","\N","133"
"10778","1146","DDE 44'","17","PEST","1","Bleu","t","f","\N","0.029999999999999999","133"
"10779","1146","DDE 44'","17","PEST","2","Vert","t","f","0.029999999999999999","0.29999999999999999","133"
"10780","1146","DDE 44'","17","PEST","3","Jaune","t","f","0.29999999999999999","1.6000000000000001","133"
"10781","1146","DDE 44'","17","PEST","4","Orange","t","f","1.6000000000000001","2","133"
"10782","1146","DDE 44'","17","PEST","5","Rouge","t","f","2","\N","133"
"10783","1147","DDT 24'","17","PEST","1","Bleu","t","f","\N","0.00020000000000000001","133"
"10784","1147","DDT 24'","17","PEST","2","Vert","t","f","0.00020000000000000001","0.002","133"
"10785","1147","DDT 24'","17","PEST","3","Jaune","t","f","0.002","0.02","133"
"10786","1147","DDT 24'","17","PEST","4","Orange","t","f","0.02","0.20000000000000001","133"
"10787","1147","DDT 24'","17","PEST","5","Rouge","t","f","0.20000000000000001","\N","133"
"10788","1148","DDT 44'","17","PEST","1","Bleu","t","f","\N","0.00020000000000000001","133"
"10789","1148","DDT 44'","17","PEST","2","Vert","t","f","0.00020000000000000001","0.002","133"
"10790","1148","DDT 44'","17","PEST","3","Jaune","t","f","0.002","0.02","133"
"10791","1148","DDT 44'","17","PEST","4","Orange","t","f","0.02","0.20000000000000001","133"
"10792","1148","DDT 44'","17","PEST","5","Rouge","t","f","0.20000000000000001","\N","133"
"10793","1149","Deltaméthrine","17","PEST","1","Bleu","t","f","\N","2.0000000000000002e-05","133"
"10794","1149","Deltaméthrine","17","PEST","2","Vert","t","f","2.0000000000000002e-05","0.00020000000000000001","133"
"10795","1149","Deltaméthrine","17","PEST","3","Jaune","t","f","0.00020000000000000001","0.002","133"
"10796","1149","Deltaméthrine","17","PEST","4","Orange","t","f","0.002","0.02","133"
"10797","1149","Deltaméthrine","17","PEST","5","Rouge","t","f","0.02","\N","133"
"10798","1480","Dicamba","17","PEST","1","Bleu","t","f","\N","0.10000000000000001","133"
"10799","1480","Dicamba","17","PEST","2","Vert","t","f","0.10000000000000001","0.69999999999999996","133"
"10800","1480","Dicamba","17","PEST","3","Jaune","t","f","0.69999999999999996","1.3999999999999999","133"
"10801","1480","Dicamba","17","PEST","4","Orange","t","f","1.3999999999999999","2","133"
"10802","1480","Dicamba","17","PEST","5","Rouge","t","f","2","\N","133"
"10803","1169","Dichlorprop","17","PEST","1","Bleu","t","f","\N","0.050000000000000003","133"
"10804","1169","Dichlorprop","17","PEST","2","Vert","t","f","0.050000000000000003","0.5","133"
"10805","1169","Dichlorprop","17","PEST","3","Jaune","t","f","0.5","1.2","133"
"10806","1169","Dichlorprop","17","PEST","4","Orange","t","f","1.2","2","133"
"10807","1169","Dichlorprop","17","PEST","5","Rouge","t","f","2","\N","133"
"10808","1173","Dieldrine","17","PEST","1","Bleu","t","f","\N","0.00050000000000000001","133"
"10809","1173","Dieldrine","17","PEST","2","Vert","t","f","0.00050000000000000001","0.0050000000000000001","133"
"10810","1173","Dieldrine","17","PEST","3","Jaune","t","f","0.0050000000000000001","0.050000000000000003","133"
"10811","1173","Dieldrine","17","PEST","4","Orange","t","f","0.050000000000000003","0.5","133"
"10812","1173","Dieldrine","17","PEST","5","Rouge","t","f","0.5","\N","133"
"10813","1176","Dinoterbe","17","PEST","1","Bleu","t","f","\N","0.00029999999999999997","133"
"10814","1176","Dinoterbe","17","PEST","2","Vert","t","f","0.00029999999999999997","0.0030000000000000001","133"
"10815","1176","Dinoterbe","17","PEST","3","Jaune","t","f","0.0030000000000000001","0.029999999999999999","133"
"10816","1176","Dinoterbe","17","PEST","4","Orange","t","f","0.029999999999999999","0.29999999999999999","133"
"10817","1176","Dinoterbe","17","PEST","5","Rouge","t","f","0.29999999999999999","\N","133"
"10818","1699","Diquat","17","PEST","1","Bleu","t","f","\N","0.02","133"
"10819","1699","Diquat","17","PEST","2","Vert","t","f","0.02","0.20000000000000001","133"
"10820","1699","Diquat","17","PEST","3","Jaune","t","f","0.20000000000000001","1","133"
"10821","1699","Diquat","17","PEST","4","Orange","t","f","1","2","133"
"10822","1699","Diquat","17","PEST","5","Rouge","t","f","2","\N","133"
"10823","1177","Diuron","17","PEST","1","Bleu","t","f","\N","0.02","133"
"10824","1177","Diuron","17","PEST","2","Vert","t","f","0.02","0.20000000000000001","133"
"10825","1177","Diuron","17","PEST","3","Jaune","t","f","0.20000000000000001","1","133"
"10826","1177","Diuron","17","PEST","4","Orange","t","f","1","2","133"
"10827","1177","Diuron","17","PEST","5","Rouge","t","f","2","\N","133"
"10828","1743","Endosulfan","17","PEST","1","Bleu","t","f","\N","0.002","133"
"10829","1743","Endosulfan","17","PEST","2","Vert","t","f","0.002","0.02","133"
"10830","1743","Endosulfan","17","PEST","3","Jaune","t","f","0.02","0.20000000000000001","133"
"10831","1743","Endosulfan","17","PEST","4","Orange","t","f","0.20000000000000001","0.29999999999999999","133"
"10832","1743","Endosulfan","17","PEST","5","Rouge","t","f","0.29999999999999999","\N","133"
"10833","1181","Endrine","17","PEST","1","Bleu","t","f","\N","0.00029999999999999997","133"
"10834","1181","Endrine","17","PEST","2","Vert","t","f","0.00029999999999999997","0.0030000000000000001","133"
"10835","1181","Endrine","17","PEST","3","Jaune","t","f","0.0030000000000000001","0.029999999999999999","133"
"10836","1181","Endrine","17","PEST","4","Orange","t","f","0.029999999999999999","0.29999999999999999","133"
"10837","1181","Endrine","17","PEST","5","Rouge","t","f","0.29999999999999999","\N","133"
"10838","1184","Ethofumésate","17","PEST","1","Bleu","t","f","\N","0.080000000000000002","133"
"10839","1184","Ethofumésate","17","PEST","2","Vert","t","f","0.080000000000000002","0.80000000000000004","133"
"10840","1184","Ethofumésate","17","PEST","3","Jaune","t","f","0.80000000000000004","1.3999999999999999","133"
"10841","1184","Ethofumésate","17","PEST","4","Orange","t","f","1.3999999999999999","2","133"
"10842","1184","Ethofumésate","17","PEST","5","Rouge","t","f","2","\N","133"
"10843","1700","Fenpropidine","17","PEST","1","Bleu","t","f","\N","0.00059999999999999995","133"
"10844","1700","Fenpropidine","17","PEST","2","Vert","t","f","0.00059999999999999995","0.0060000000000000001","133"
"10845","1700","Fenpropidine","17","PEST","3","Jaune","t","f","0.0060000000000000001","0.059999999999999998","133"
"10846","1700","Fenpropidine","17","PEST","4","Orange","t","f","0.059999999999999998","2","133"
"10847","1700","Fenpropidine","17","PEST","5","Rouge","t","f","2","\N","133"
"10848","1189","Fenpropimorphe","17","PEST","1","Bleu","t","f","\N","0.10000000000000001","133"
"10849","1189","Fenpropimorphe","17","PEST","2","Vert","t","f","0.10000000000000001","0.69999999999999996","133"
"10850","1189","Fenpropimorphe","17","PEST","3","Jaune","t","f","0.69999999999999996","1.3999999999999999","133"
"10851","1189","Fenpropimorphe","17","PEST","4","Orange","t","f","1.3999999999999999","2","133"
"10852","1189","Fenpropimorphe","17","PEST","5","Rouge","t","f","2","\N","133"
"10853","1194","Flusilazole","17","PEST","1","Bleu","t","f","\N","0.10000000000000001","133"
"10854","1194","Flusilazole","17","PEST","2","Vert","t","f","0.10000000000000001","0.69999999999999996","133"
"10855","1194","Flusilazole","17","PEST","3","Jaune","t","f","0.69999999999999996","1.3999999999999999","133"
"10856","1194","Flusilazole","17","PEST","4","Orange","t","f","1.3999999999999999","2","133"
"10857","1194","Flusilazole","17","PEST","5","Rouge","t","f","2","\N","133"
"10858","1192","Folpel","17","PEST","1","Bleu","t","f","\N","0.002","133"
"10859","1192","Folpel","17","PEST","2","Vert","t","f","0.002","0.02","133"
"10860","1192","Folpel","17","PEST","3","Jaune","t","f","0.02","0.20000000000000001","133"
"10861","1192","Folpel","17","PEST","4","Orange","t","f","0.20000000000000001","2","133"
"10862","1192","Folpel","17","PEST","5","Rouge","t","f","2","\N","133"
"10863","1975","fosetyl-aluminium","17","PEST","1","Bleu","t","f","\N","0.10000000000000001","133"
"10864","1975","fosetyl-aluminium","17","PEST","2","Vert","t","f","0.10000000000000001","0.69999999999999996","133"
"10865","1975","fosetyl-aluminium","17","PEST","3","Jaune","t","f","0.69999999999999996","1.3999999999999999","133"
"10866","1975","fosetyl-aluminium","17","PEST","4","Orange","t","f","1.3999999999999999","2","133"
"10867","1975","fosetyl-aluminium","17","PEST","5","Rouge","t","f","2","\N","133"
"10868","1506","Glyphosate","17","PEST","1","Bleu","t","f","\N","0.040000000000000001","133"
"10869","1506","Glyphosate","17","PEST","2","Vert","t","f","0.040000000000000001","0.40000000000000002","133"
"10870","1506","Glyphosate","17","PEST","3","Jaune","t","f","0.40000000000000002","1.2","133"
"10871","1506","Glyphosate","17","PEST","4","Orange","t","f","1.2","2","133"
"10872","1506","Glyphosate","17","PEST","5","Rouge","t","f","2","\N","133"
"10873","1911","Imazaméthabenz-méthyl","17","PEST","1","Bleu","t","f","\N","0.10000000000000001","133"
"10874","1911","Imazaméthabenz-méthyl","17","PEST","2","Vert","t","f","0.10000000000000001","0.69999999999999996","133"
"10875","1911","Imazaméthabenz-méthyl","17","PEST","3","Jaune","t","f","0.69999999999999996","1.3999999999999999","133"
"10876","1911","Imazaméthabenz-méthyl","17","PEST","4","Orange","t","f","1.3999999999999999","2","133"
"10877","1911","Imazaméthabenz-méthyl","17","PEST","5","Rouge","t","f","2","\N","133"
"10878","1205","Ioxynil","17","PEST","1","Bleu","t","f","\N","0.040000000000000001","133"
"10879","1205","Ioxynil","17","PEST","2","Vert","t","f","0.040000000000000001","0.40000000000000002","133"
"10880","1205","Ioxynil","17","PEST","3","Jaune","t","f","0.40000000000000002","1.2","133"
"10881","1205","Ioxynil","17","PEST","4","Orange","t","f","1.2","2","133"
"10882","1205","Ioxynil","17","PEST","5","Rouge","t","f","2","\N","133"
"10883","1206","Iprodione","17","PEST","1","Bleu","t","f","\N","0.02","133"
"10884","1206","Iprodione","17","PEST","2","Vert","t","f","0.02","0.20000000000000001","133"
"10885","1206","Iprodione","17","PEST","3","Jaune","t","f","0.20000000000000001","1","133"
"10886","1206","Iprodione","17","PEST","4","Orange","t","f","1","2","133"
"10887","1206","Iprodione","17","PEST","5","Rouge","t","f","2","\N","133"
"10888","1207","Isodrine","17","PEST","1","Bleu","t","f","\N","0.00029999999999999997","133"
"10889","1207","Isodrine","17","PEST","2","Vert","t","f","0.00029999999999999997","0.0030000000000000001","133"
"10890","1207","Isodrine","17","PEST","3","Jaune","t","f","0.0030000000000000001","0.029999999999999999","133"
"10891","1207","Isodrine","17","PEST","4","Orange","t","f","0.029999999999999999","2","133"
"10892","1207","Isodrine","17","PEST","5","Rouge","t","f","2","\N","133"
"10893","1208","Isoproturon","17","PEST","1","Bleu","t","f","\N","0.02","133"
"10894","1208","Isoproturon","17","PEST","2","Vert","t","f","0.02","0.20000000000000001","133"
"10895","1208","Isoproturon","17","PEST","3","Jaune","t","f","0.20000000000000001","1","133"
"10896","1208","Isoproturon","17","PEST","4","Orange","t","f","1","2","133"
"10897","1208","Isoproturon","17","PEST","5","Rouge","t","f","2","\N","133"
"10898","1209","Linuron","17","PEST","1","Bleu","t","f","\N","0.050000000000000003","133"
"10899","1209","Linuron","17","PEST","2","Vert","t","f","0.050000000000000003","0.5","133"
"10900","1209","Linuron","17","PEST","3","Jaune","t","f","0.5","1.3","133"
"10901","1209","Linuron","17","PEST","4","Orange","t","f","1.3","2","133"
"10902","1209","Linuron","17","PEST","5","Rouge","t","f","2","\N","133"
"10903","1211","Mancozèbe","17","PEST","1","Bleu","t","f","\N","0.10000000000000001","133"
"10904","1211","Mancozèbe","17","PEST","2","Vert","t","f","0.10000000000000001","1","133"
"10905","1211","Mancozèbe","17","PEST","3","Jaune","t","f","1","1.5","133"
"10906","1211","Mancozèbe","17","PEST","4","Orange","t","f","1.5","2","133"
"10907","1211","Mancozèbe","17","PEST","5","Rouge","t","f","2","\N","133"
"10908","1216","Méthabenzthiazuron","17","PEST","1","Bleu","t","f","\N","0.10000000000000001","133"
"10909","1216","Méthabenzthiazuron","17","PEST","2","Vert","t","f","0.10000000000000001","0.69999999999999996","133"
"10910","1216","Méthabenzthiazuron","17","PEST","3","Jaune","t","f","0.69999999999999996","1.3999999999999999","133"
"10911","1216","Méthabenzthiazuron","17","PEST","4","Orange","t","f","1.3999999999999999","2","133"
"10912","1216","Méthabenzthiazuron","17","PEST","5","Rouge","t","f","2","\N","133"
"10913","1218","Méthomyl","17","PEST","1","Bleu","t","f","\N","0.029999999999999999","133"
"10914","1218","Méthomyl","17","PEST","2","Vert","t","f","0.029999999999999999","0.29999999999999999","133"
"10915","1218","Méthomyl","17","PEST","3","Jaune","t","f","0.29999999999999999","1.1000000000000001","133"
"10916","1218","Méthomyl","17","PEST","4","Orange","t","f","1.1000000000000001","2","133"
"10917","1218","Méthomyl","17","PEST","5","Rouge","t","f","2","\N","133"
"10918","1221","Métolachlore","17","PEST","1","Bleu","t","f","\N","0.10000000000000001","133"
"10919","1221","Métolachlore","17","PEST","2","Vert","t","f","0.10000000000000001","0.69999999999999996","133"
"10920","1221","Métolachlore","17","PEST","3","Jaune","t","f","0.69999999999999996","1.3999999999999999","133"
"10921","1221","Métolachlore","17","PEST","4","Orange","t","f","1.3999999999999999","2","133"
"10922","1221","Métolachlore","17","PEST","5","Rouge","t","f","2","\N","133"
"10923","1669","Norflurazone","17","PEST","1","Bleu","t","f","\N","0.01","133"
"10924","1669","Norflurazone","17","PEST","2","Vert","t","f","0.01","0.10000000000000001","133"
"10925","1669","Norflurazone","17","PEST","3","Jaune","t","f","0.10000000000000001","1.2","133"
"10926","1669","Norflurazone","17","PEST","4","Orange","t","f","1.2","2","133"
"10927","1669","Norflurazone","17","PEST","5","Rouge","t","f","2","\N","133"
"10928","1666","Oxadixyl","17","PEST","1","Bleu","t","f","\N","0.10000000000000001","133"
"10929","1666","Oxadixyl","17","PEST","2","Vert","t","f","0.10000000000000001","0.69999999999999996","133"
"10930","1666","Oxadixyl","17","PEST","3","Jaune","t","f","0.69999999999999996","1.3999999999999999","133"
"10931","1666","Oxadixyl","17","PEST","4","Orange","t","f","1.3999999999999999","2","133"
"10932","1666","Oxadixyl","17","PEST","5","Rouge","t","f","2","\N","133"
"10933","1231","Oxydéméton-méthyl","17","PEST","1","Bleu","t","f","\N","0.0030000000000000001","133"
"10934","1231","Oxydéméton-méthyl","17","PEST","2","Vert","t","f","0.0030000000000000001","0.029999999999999999","133"
"10935","1231","Oxydéméton-méthyl","17","PEST","3","Jaune","t","f","0.029999999999999999","0.29999999999999999","133"
"10936","1231","Oxydéméton-méthyl","17","PEST","4","Orange","t","f","0.29999999999999999","2","133"
"10937","1231","Oxydéméton-méthyl","17","PEST","5","Rouge","t","f","2","\N","133"
"10938","1522","Paraquat","17","PEST","1","Bleu","t","f","\N","0.10000000000000001","133"
"10939","1522","Paraquat","17","PEST","2","Vert","t","f","0.10000000000000001","0.69999999999999996","133"
"10940","1522","Paraquat","17","PEST","3","Jaune","t","f","0.69999999999999996","1.3999999999999999","133"
"10941","1522","Paraquat","17","PEST","4","Orange","t","f","1.3999999999999999","2","133"
"10942","1522","Paraquat","17","PEST","5","Rouge","t","f","2","\N","133"
"10943","1232","Parathion éthyl","17","PEST","1","Bleu","t","f","\N","3.0000000000000001e-06","133"
"10944","1232","Parathion éthyl","17","PEST","2","Vert","t","f","3.0000000000000001e-06","3.0000000000000001e-05","133"
"10945","1232","Parathion éthyl","17","PEST","3","Jaune","t","f","3.0000000000000001e-05","0.00029999999999999997","133"
"10946","1232","Parathion éthyl","17","PEST","4","Orange","t","f","0.00029999999999999997","0.029999999999999999","133"
"10947","1232","Parathion éthyl","17","PEST","5","Rouge","t","f","0.029999999999999999","\N","133"
"10948","1233","Parathion méthyl","17","PEST","1","Bleu","t","f","\N","0.00020000000000000001","133"
"10949","1233","Parathion méthyl","17","PEST","2","Vert","t","f","0.00020000000000000001","0.002","133"
"10950","1233","Parathion méthyl","17","PEST","3","Jaune","t","f","0.002","0.02","133"
"10951","1233","Parathion méthyl","17","PEST","4","Orange","t","f","0.02","2","133"
"10952","1233","Parathion méthyl","17","PEST","5","Rouge","t","f","2","\N","133"
"10953","1234","Pendiméthaline","17","PEST","1","Bleu","t","f","\N","0.029999999999999999","133"
"10954","1234","Pendiméthaline","17","PEST","2","Vert","t","f","0.029999999999999999","0.29999999999999999","133"
"10955","1234","Pendiméthaline","17","PEST","3","Jaune","t","f","0.29999999999999999","1.1000000000000001","133"
"10956","1234","Pendiméthaline","17","PEST","4","Orange","t","f","1.1000000000000001","2","133"
"10957","1234","Pendiméthaline","17","PEST","5","Rouge","t","f","2","\N","133"
"10958","1253","Prochloraz","17","PEST","1","Bleu","t","f","\N","0.01","133"
"10959","1253","Prochloraz","17","PEST","2","Vert","t","f","0.01","0.10000000000000001","133"
"10960","1253","Prochloraz","17","PEST","3","Jaune","t","f","0.10000000000000001","1","133"
"10961","1253","Prochloraz","17","PEST","4","Orange","t","f","1","2","133"
"10962","1253","Prochloraz","17","PEST","5","Rouge","t","f","2","\N","133"
"10963","1092","Prosulfocarbe","17","PEST","1","Bleu","t","f","\N","0.01","133"
"10964","1092","Prosulfocarbe","17","PEST","2","Vert","t","f","0.01","0.10000000000000001","133"
"10965","1092","Prosulfocarbe","17","PEST","3","Jaune","t","f","0.10000000000000001","1","133"
"10966","1092","Prosulfocarbe","17","PEST","4","Orange","t","f","1","2","133"
"10967","1092","Prosulfocarbe","17","PEST","5","Rouge","t","f","2","\N","133"
"10968","1263","Simazine","17","PEST","1","Bleu","t","f","\N","0.002","133"
"10969","1263","Simazine","17","PEST","2","Vert","t","f","0.002","0.02","133"
"10970","1263","Simazine","17","PEST","3","Jaune","t","f","0.02","0.20000000000000001","133"
"10971","1263","Simazine","17","PEST","4","Orange","t","f","0.20000000000000001","2","133"
"10972","1263","Simazine","17","PEST","5","Rouge","t","f","2","\N","133"
"10973","1694","Tébuconazole","17","PEST","1","Bleu","t","f","\N","0.10000000000000001","133"
"10974","1694","Tébuconazole","17","PEST","2","Vert","t","f","0.10000000000000001","1","133"
"10975","1694","Tébuconazole","17","PEST","3","Jaune","t","f","1","1.5","133"
"10976","1694","Tébuconazole","17","PEST","4","Orange","t","f","1.5","2","133"
"10977","1694","Tébuconazole","17","PEST","5","Rouge","t","f","2","\N","133"
"10978","1266","Terbuméton","17","PEST","1","Bleu","t","f","\N","0.10000000000000001","133"
"10979","1266","Terbuméton","17","PEST","2","Vert","t","f","0.10000000000000001","0.69999999999999996","133"
"10980","1266","Terbuméton","17","PEST","3","Jaune","t","f","0.69999999999999996","1.3999999999999999","133"
"10981","1266","Terbuméton","17","PEST","4","Orange","t","f","1.3999999999999999","2","133"
"10982","1266","Terbuméton","17","PEST","5","Rouge","t","f","2","\N","133"
"10983","1268","Terbuthylazine","17","PEST","1","Bleu","t","f","\N","0.02","133"
"10984","1268","Terbuthylazine","17","PEST","2","Vert","t","f","0.02","0.20000000000000001","133"
"10985","1268","Terbuthylazine","17","PEST","3","Jaune","t","f","0.20000000000000001","1","133"
"10986","1268","Terbuthylazine","17","PEST","4","Orange","t","f","1","2","133"
"10987","1268","Terbuthylazine","17","PEST","5","Rouge","t","f","2","\N","133"
"10988","1269","Terbutryne","17","PEST","1","Bleu","t","f","\N","0.029999999999999999","133"
"10989","1269","Terbutryne","17","PEST","2","Vert","t","f","0.029999999999999999","0.29999999999999999","133"
"10990","1269","Terbutryne","17","PEST","3","Jaune","t","f","0.29999999999999999","1.1000000000000001","133"
"10991","1269","Terbutryne","17","PEST","4","Orange","t","f","1.1000000000000001","2","133"
"10992","1269","Terbutryne","17","PEST","5","Rouge","t","f","2","\N","133"
"10993","1811","Tridémorphe","17","PEST","1","Bleu","t","f","\N","0.10000000000000001","133"
"10994","1811","Tridémorphe","17","PEST","2","Vert","t","f","0.10000000000000001","1.3","133"
"10995","1811","Tridémorphe","17","PEST","3","Jaune","t","f","1.3","1.6000000000000001","133"
"10996","1811","Tridémorphe","17","PEST","4","Orange","t","f","1.6000000000000001","2","133"
"10997","1811","Tridémorphe","17","PEST","5","Rouge","t","f","2","\N","133"
"10998","1289","Trifluraline","17","PEST","1","Bleu","t","f","\N","0.02","133"
"10999","1289","Trifluraline","17","PEST","2","Vert","t","f","0.02","0.20000000000000001","133"
"11000","1289","Trifluraline","17","PEST","3","Jaune","t","f","0.20000000000000001","1","133"
"11001","1289","Trifluraline","17","PEST","4","Orange","t","f","1","2","133"
"11002","1289","Trifluraline","17","PEST","5","Rouge","t","f","2","\N","133"
"11003","1291","Vinclozoline","17","PEST","1","Bleu","t","f","\N","0.10000000000000001","133"
"11004","1291","Vinclozoline","17","PEST","2","Vert","t","f","0.10000000000000001","0.69999999999999996","133"
"11005","1291","Vinclozoline","17","PEST","3","Jaune","t","f","0.69999999999999996","1.3999999999999999","133"
"11006","1291","Vinclozoline","17","PEST","4","Orange","t","f","1.3999999999999999","2","133"
"11007","1291","Vinclozoline","17","PEST","5","Rouge","t","f","2","\N","133"
"11008","1453","Acénaphtène","18","HAP","1","Bleu","t","f","\N","0.070000000000000007","133"
"11009","1453","Acénaphtène","18","HAP","2","Vert","t","f","0.070000000000000007","0.69999999999999996","133"
"11010","1453","Acénaphtène","18","HAP","3","Jaune","t","f","0.69999999999999996","160","133"
"11011","1453","Acénaphtène","18","HAP","4","Orange","t","f","160","\N","133"
"11012","1622","Acénaphtylène","18","HAP","1","Bleu","t","f","\N","0.040000000000000001","133"
"11013","1622","Acénaphtylène","18","HAP","2","Vert","t","f","0.040000000000000001","0.40000000000000002","133"
"11014","1622","Acénaphtylène","18","HAP","3","Jaune","t","f","0.40000000000000002","99","133"
"11015","1622","Acénaphtylène","18","HAP","4","Orange","t","f","99","\N","133"
"11016","1458","Anthracène","18","HAP","1","Bleu","t","f","\N","0.0089999999999999993","133"
"11017","1458","Anthracène","18","HAP","2","Vert","t","f","0.0089999999999999993","0.089999999999999997","133"
"11018","1458","Anthracène","18","HAP","3","Jaune","t","f","0.089999999999999997","21","133"
"11019","1458","Anthracène","18","HAP","4","Orange","t","f","21","\N","133"
"11020","1082","Benzo(a)anthracène","18","HAP","1","Bleu","t","f","\N","0.00050000000000000001","133"
"11021","1082","Benzo(a)anthracène","18","HAP","2","Vert","t","f","0.00050000000000000001","0.0050000000000000001","133"
"11022","1082","Benzo(a)anthracène","18","HAP","3","Jaune","t","f","0.0050000000000000001","1.2","133"
"11023","1082","Benzo(a)anthracène","18","HAP","4","Orange","t","f","1.2","\N","133"
"11024","1115","Benzo(a)pyrène","18","HAP","1","Bleu","t","f","\N","3.0000000000000001e-05","133"
"11025","1115","Benzo(a)pyrène","18","HAP","2","Vert","t","f","3.0000000000000001e-05","0.00029999999999999997","133"
"11026","1115","Benzo(a)pyrène","18","HAP","3","Jaune","t","f","0.00029999999999999997","0.080000000000000002","133"
"11027","1115","Benzo(a)pyrène","18","HAP","4","Orange","t","f","0.080000000000000002","\N","133"
"11028","1116","Benzo(b)fluoranthène","18","HAP","1","Bleu","t","f","\N","0.0001","133"
"11029","1116","Benzo(b)fluoranthène","18","HAP","2","Vert","t","f","0.0001","0.001","133"
"11030","1116","Benzo(b)fluoranthène","18","HAP","3","Jaune","t","f","0.001","0.29999999999999999","133"
"11031","1116","Benzo(b)fluoranthène","18","HAP","4","Orange","t","f","0.29999999999999999","\N","133"
"11032","1118","Benzo(g,h,i)pérylène","18","HAP","1","Bleu","t","f","\N","0.00029999999999999997","133"
"11033","1118","Benzo(g,h,i)pérylène","18","HAP","2","Vert","t","f","0.00029999999999999997","0.0030000000000000001","133"
"11034","1118","Benzo(g,h,i)pérylène","18","HAP","3","Jaune","t","f","0.0030000000000000001","0.59999999999999998","133"
"11035","1118","Benzo(g,h,i)pérylène","18","HAP","4","Orange","t","f","0.59999999999999998","\N","133"
"11036","1117","Benzo(k)fluoranthène","18","HAP","1","Bleu","t","f","\N","0.00029999999999999997","133"
"11037","1117","Benzo(k)fluoranthène","18","HAP","2","Vert","t","f","0.00029999999999999997","0.0030000000000000001","133"
"11038","1117","Benzo(k)fluoranthène","18","HAP","3","Jaune","t","f","0.0030000000000000001","0.80000000000000004","133"
"11039","1117","Benzo(k)fluoranthène","18","HAP","4","Orange","t","f","0.80000000000000004","\N","133"
"11040","1476","Chrysène","18","HAP","1","Bleu","t","f","\N","0.00059999999999999995","133"
"11041","1476","Chrysène","18","HAP","2","Vert","t","f","0.00059999999999999995","0.0060000000000000001","133"
"11042","1476","Chrysène","18","HAP","3","Jaune","t","f","0.0060000000000000001","1.5","133"
"11043","1476","Chrysène","18","HAP","4","Orange","t","f","1.5","\N","133"
"11044","1621","Dibenzo(a,h)anthracène","18","HAP","1","Bleu","t","f","\N","6.0000000000000002e-06","133"
"11045","1621","Dibenzo(a,h)anthracène","18","HAP","2","Vert","t","f","6.0000000000000002e-06","6.0000000000000002e-05","133"
"11046","1621","Dibenzo(a,h)anthracène","18","HAP","3","Jaune","t","f","6.0000000000000002e-05","0.014","133"
"11047","1621","Dibenzo(a,h)anthracène","18","HAP","4","Orange","t","f","0.014","\N","133"
"11048","1191","Fluoranthène","18","HAP","1","Bleu","t","f","\N","0.0023999999999999998","133"
"11049","1191","Fluoranthène","18","HAP","2","Vert","t","f","0.0023999999999999998","0.024","133"
"11050","1191","Fluoranthène","18","HAP","3","Jaune","t","f","0.024","6","133"
"11051","1191","Fluoranthène","18","HAP","4","Orange","t","f","6","\N","133"
"11052","1623","Fluorène","18","HAP","1","Bleu","t","f","\N","0.029999999999999999","133"
"11053","1623","Fluorène","18","HAP","2","Vert","t","f","0.029999999999999999","0.29999999999999999","133"
"11054","1623","Fluorène","18","HAP","3","Jaune","t","f","0.29999999999999999","77","133"
"11055","1623","Fluorène","18","HAP","4","Orange","t","f","77","\N","133"
"11056","1204","Indéno(1,2,3-cd)pyrène","18","HAP","1","Bleu","t","f","\N","0.00016000000000000001","133"
"11057","1204","Indéno(1,2,3-cd)pyrène","18","HAP","2","Vert","t","f","0.00016000000000000001","0.0016000000000000001","133"
"11058","1204","Indéno(1,2,3-cd)pyrène","18","HAP","3","Jaune","t","f","0.0016000000000000001","0.40000000000000002","133"
"11059","1204","Indéno(1,2,3-cd)pyrène","18","HAP","4","Orange","t","f","0.40000000000000002","\N","133"
"11060","1517","Naphtalène","18","HAP","1","Bleu","t","f","\N","0.19","133"
"11061","1517","Naphtalène","18","HAP","2","Vert","t","f","0.19","1.8999999999999999","133"
"11062","1517","Naphtalène","18","HAP","3","Jaune","t","f","1.8999999999999999","460","133"
"11063","1517","Naphtalène","18","HAP","4","Orange","t","f","460","\N","133"
"11064","1524","Phénanthrène","18","HAP","1","Bleu","t","f","\N","0.010999999999999999","133"
"11065","1524","Phénanthrène","18","HAP","2","Vert","t","f","0.010999999999999999","0.11","133"
"11066","1524","Phénanthrène","18","HAP","3","Jaune","t","f","0.11","27","133"
"11067","1524","Phénanthrène","18","HAP","4","Orange","t","f","27","\N","133"
"11068","1537","Pyrène","18","HAP","1","Bleu","t","f","\N","0.0023999999999999998","133"
"11069","1537","Pyrène","18","HAP","2","Vert","t","f","0.0023999999999999998","0.024","133"
"11070","1537","Pyrène","18","HAP","3","Jaune","t","f","0.024","6","133"
"11071","1537","Pyrène","18","HAP","4","Orange","t","f","6","\N","133"
"11072","1239","PCB 28","19","PCB","1","Bleu","t","f","\N","0.0001","133"
"11073","1239","PCB 28","19","PCB","2","Vert","t","f","0.0001","0.001","133"
"11074","1239","PCB 28","19","PCB","3","Jaune","t","f","0.001","0.01","133"
"11075","1239","PCB 28","19","PCB","4","Orange","t","f","0.01","2","133"
"11076","1239","PCB 28","19","PCB","5","Rouge","t","f","2","\N","133"
"11077","1241","PCB 52","19","PCB","1","Bleu","t","f","\N","0.0001","133"
"11078","1241","PCB 52","19","PCB","2","Vert","t","f","0.0001","0.001","133"
"11079","1241","PCB 52","19","PCB","3","Jaune","t","f","0.001","0.01","133"
"11080","1241","PCB 52","19","PCB","4","Orange","t","f","0.01","2","133"
"11081","1241","PCB 52","19","PCB","5","Rouge","t","f","2","\N","133"
"11082","1242","PCB 101","19","PCB","1","Bleu","t","f","\N","0.0001","133"
"11083","1242","PCB 101","19","PCB","2","Vert","t","f","0.0001","0.001","133"
"11084","1242","PCB 101","19","PCB","3","Jaune","t","f","0.001","0.01","133"
"11085","1242","PCB 101","19","PCB","4","Orange","t","f","0.01","2","133"
"11086","1242","PCB 101","19","PCB","5","Rouge","t","f","2","\N","133"
"11087","1243","PCB 118","19","PCB","1","Bleu","t","f","\N","0.0001","133"
"11088","1243","PCB 118","19","PCB","2","Vert","t","f","0.0001","0.001","133"
"11089","1243","PCB 118","19","PCB","3","Jaune","t","f","0.001","0.01","133"
"11090","1243","PCB 118","19","PCB","4","Orange","t","f","0.01","2","133"
"11091","1243","PCB 118","19","PCB","5","Rouge","t","f","2","\N","133"
"11092","1244","PCB 138","19","PCB","1","Bleu","t","f","\N","0.0001","133"
"11093","1244","PCB 138","19","PCB","2","Vert","t","f","0.0001","0.001","133"
"11094","1244","PCB 138","19","PCB","3","Jaune","t","f","0.001","0.01","133"
"11095","1244","PCB 138","19","PCB","4","Orange","t","f","0.01","2","133"
"11096","1244","PCB 138","19","PCB","5","Rouge","t","f","2","\N","133"
"11097","1245","PCB 153","19","PCB","1","Bleu","t","f","\N","0.0001","133"
"11098","1245","PCB 153","19","PCB","2","Vert","t","f","0.0001","0.001","133"
"11099","1245","PCB 153","19","PCB","3","Jaune","t","f","0.001","0.01","133"
"11100","1245","PCB 153","19","PCB","4","Orange","t","f","0.01","2","133"
"11101","1245","PCB 153","19","PCB","5","Rouge","t","f","2","\N","133"
"11102","1246","PCB 180","19","PCB","1","Bleu","t","f","\N","0.0001","133"
"11103","1246","PCB 180","19","PCB","2","Vert","t","f","0.0001","0.001","133"
"11104","1246","PCB 180","19","PCB","3","Jaune","t","f","0.001","0.01","133"
"11105","1246","PCB 180","19","PCB","4","Orange","t","f","0.01","2","133"
"11106","1246","PCB 180","19","PCB","5","Rouge","t","f","2","\N","133"
"11107","6423","Somme des 7 PCBs","19","PCB","1","Bleu","t","f","\N","0.0001","133"
"11108","6423","Somme des 7 PCBs","19","PCB","2","Vert","t","f","0.0001","0.001","133"
"11109","6423","Somme des 7 PCBs","19","PCB","3","Jaune","t","f","0.001","0.01","133"
"11110","6423","Somme des 7 PCBs","19","PCB","4","Orange","t","f","0.01","2","133"
"11111","6423","Somme des 7 PCBs","19","PCB","5","Rouge","t","f","2","\N","133"
"11112","1114","Benzène","20","MPOR","1","Bleu","t","f","\N","0.5","133"
"11113","1114","Benzène","20","MPOR","2","Vert","t","f","0.5","5","133"
"11114","1114","Benzène","20","MPOR","3","Jaune","t","f","5","7.5","133"
"11115","1114","Benzène","20","MPOR","4","Orange","t","f","7.5","10","133"
"11116","1114","Benzène","20","MPOR","5","Rouge","t","f","10","\N","133"
"11117","1955","C10-C13-CHLOROALCANES","20","MPOR","1","Bleu","t","f","\N","0.050000000000000003","133"
"11118","1955","C10-C13-CHLOROALCANES","20","MPOR","2","Vert","t","f","0.050000000000000003","0.5","133"
"11119","1955","C10-C13-CHLOROALCANES","20","MPOR","3","Jaune","t","f","0.5","5","133"
"11120","1955","C10-C13-CHLOROALCANES","20","MPOR","4","Orange","t","f","5","14","133"
"11121","1955","C10-C13-CHLOROALCANES","20","MPOR","5","Rouge","t","f","14","\N","133"
"11122","1593","Chloroaniline-2","20","MPOR","1","Bleu","t","f","\N","0.001","133"
"11123","1593","Chloroaniline-2","20","MPOR","2","Vert","t","f","0.001","0.01","133"
"11124","1593","Chloroaniline-2","20","MPOR","3","Jaune","t","f","0.01","0.10000000000000001","133"
"11125","1593","Chloroaniline-2","20","MPOR","4","Orange","t","f","0.10000000000000001","6","133"
"11126","1593","Chloroaniline-2","20","MPOR","5","Rouge","t","f","6","\N","133"
"11127","1592","Chloroaniline-3","20","MPOR","1","Bleu","t","f","\N","0.001","133"
"11128","1592","Chloroaniline-3","20","MPOR","2","Vert","t","f","0.001","0.01","133"
"11129","1592","Chloroaniline-3","20","MPOR","3","Jaune","t","f","0.01","0.10000000000000001","133"
"11130","1592","Chloroaniline-3","20","MPOR","4","Orange","t","f","0.10000000000000001","6","133"
"11131","1592","Chloroaniline-3","20","MPOR","5","Rouge","t","f","6","\N","133"
"11132","1591","Chloroaniline-4","20","MPOR","1","Bleu","t","f","\N","0.001","133"
"11133","1591","Chloroaniline-4","20","MPOR","2","Vert","t","f","0.001","0.01","133"
"11134","1591","Chloroaniline-4","20","MPOR","3","Jaune","t","f","0.01","0.10000000000000001","133"
"11135","1591","Chloroaniline-4","20","MPOR","4","Orange","t","f","0.10000000000000001","6","133"
"11136","1591","Chloroaniline-4","20","MPOR","5","Rouge","t","f","6","\N","133"
"11137","1135","Chloroforme","20","MPOR","1","Bleu","t","f","\N","1.2","133"
"11138","1135","Chloroforme","20","MPOR","2","Vert","t","f","1.2","3","133"
"11139","1135","Chloroforme","20","MPOR","3","Jaune","t","f","3","6","133"
"11140","1135","Chloroforme","20","MPOR","4","Orange","t","f","6","10","133"
"11141","1135","Chloroforme","20","MPOR","5","Rouge","t","f","10","\N","133"
"11142","1469","Chloronitrobenzène-1,2","20","MPOR","1","Bleu","t","f","\N","3","133"
"11143","1469","Chloronitrobenzène-1,2","20","MPOR","2","Vert","t","f","3","30","133"
"11144","1469","Chloronitrobenzène-1,2","20","MPOR","3","Jaune","t","f","30","90","133"
"11145","1469","Chloronitrobenzène-1,2","20","MPOR","4","Orange","t","f","90","150","133"
"11146","1469","Chloronitrobenzène-1,2","20","MPOR","5","Rouge","t","f","150","\N","133"
"11147","1468","Chloronitrobenzène-1,3","20","MPOR","1","Bleu","t","f","\N","3","133"
"11148","1468","Chloronitrobenzène-1,3","20","MPOR","2","Vert","t","f","3","30","133"
"11149","1468","Chloronitrobenzène-1,3","20","MPOR","3","Jaune","t","f","30","90","133"
"11150","1468","Chloronitrobenzène-1,3","20","MPOR","4","Orange","t","f","90","150","133"
"11151","1468","Chloronitrobenzène-1,3","20","MPOR","5","Rouge","t","f","150","\N","133"
"11152","1470","Chloronitrobenzène-1,4","20","MPOR","1","Bleu","t","f","\N","3","133"
"11153","1470","Chloronitrobenzène-1,4","20","MPOR","2","Vert","t","f","3","30","133"
"11154","1470","Chloronitrobenzène-1,4","20","MPOR","3","Jaune","t","f","30","90","133"
"11155","1470","Chloronitrobenzène-1,4","20","MPOR","4","Orange","t","f","90","150","133"
"11156","1470","Chloronitrobenzène-1,4","20","MPOR","5","Rouge","t","f","150","\N","133"
"11157","1771","Dihydrure de dibutylétain","20","MPOR","1","Bleu","t","f","\N","0.089999999999999997","133"
"11158","1771","Dihydrure de dibutylétain","20","MPOR","2","Vert","t","f","0.089999999999999997","0.90000000000000002","133"
"11159","1771","Dihydrure de dibutylétain","20","MPOR","3","Jaune","t","f","0.90000000000000002","3","133"
"11160","1771","Dihydrure de dibutylétain","20","MPOR","4","Orange","t","f","3","6","133"
"11161","1771","Dihydrure de dibutylétain","20","MPOR","5","Rouge","t","f","6","\N","133"
"11162","1586","Dichloroaniline-3,4","20","MPOR","1","Bleu","t","f","\N","0.0030000000000000001","133"
"11163","1586","Dichloroaniline-3,4","20","MPOR","2","Vert","t","f","0.0030000000000000001","0.029999999999999999","133"
"11164","1586","Dichloroaniline-3,4","20","MPOR","3","Jaune","t","f","0.029999999999999999","0.29999999999999999","133"
"11165","1586","Dichloroaniline-3,4","20","MPOR","4","Orange","t","f","0.29999999999999999","2","133"
"11166","1586","Dichloroaniline-3,4","20","MPOR","5","Rouge","t","f","2","\N","133"
"11167","1165","Dichlorobenzene-1,2","20","MPOR","1","Bleu","t","f","\N","2","133"
"11168","1165","Dichlorobenzene-1,2","20","MPOR","2","Vert","t","f","2","20","133"
"11169","1165","Dichlorobenzene-1,2","20","MPOR","3","Jaune","t","f","20","200","133"
"11170","1165","Dichlorobenzene-1,2","20","MPOR","4","Orange","t","f","200","740","133"
"11171","1165","Dichlorobenzene-1,2","20","MPOR","5","Rouge","t","f","740","\N","133"
"11172","1164","Dichlorobenzène-1,3","20","MPOR","1","Bleu","t","f","\N","2","133"
"11173","1164","Dichlorobenzène-1,3","20","MPOR","2","Vert","t","f","2","20","133"
"11174","1164","Dichlorobenzène-1,3","20","MPOR","3","Jaune","t","f","20","200","133"
"11175","1164","Dichlorobenzène-1,3","20","MPOR","4","Orange","t","f","200","740","133"
"11176","1164","Dichlorobenzène-1,3","20","MPOR","5","Rouge","t","f","740","\N","133"
"11177","1166","Dichlorobenzène-1,4","20","MPOR","1","Bleu","t","f","\N","2","133"
"11178","1166","Dichlorobenzène-1,4","20","MPOR","2","Vert","t","f","2","20","133"
"11179","1166","Dichlorobenzène-1,4","20","MPOR","3","Jaune","t","f","20","100","133"
"11180","1166","Dichlorobenzène-1,4","20","MPOR","4","Orange","t","f","100","200","133"
"11181","1166","Dichlorobenzène-1,4","20","MPOR","5","Rouge","t","f","200","\N","133"
"11182","1161","Dichloroéthane-1,2","20","MPOR","1","Bleu","t","f","\N","3","133"
"11183","1161","Dichloroéthane-1,2","20","MPOR","2","Vert","t","f","3","4.5","133"
"11184","1161","Dichloroéthane-1,2","20","MPOR","3","Jaune","t","f","4.5","6","133"
"11185","1161","Dichloroéthane-1,2","20","MPOR","4","Orange","t","f","6","60","133"
"11186","1161","Dichloroéthane-1,2","20","MPOR","5","Rouge","t","f","60","\N","133"
"11187","1168","Dichlorométhane","20","MPOR","1","Bleu","t","f","\N","6.7999999999999998","133"
"11188","1168","Dichlorométhane","20","MPOR","2","Vert","t","f","6.7999999999999998","17","133"
"11189","1168","Dichlorométhane","20","MPOR","3","Jaune","t","f","17","28","133"
"11190","1168","Dichlorométhane","20","MPOR","4","Orange","t","f","28","40","133"
"11191","1168","Dichlorométhane","20","MPOR","5","Rouge","t","f","40","\N","133"
"11192","1645","Dichlorophénol-2,3","20","MPOR","1","Bleu","t","f","\N","1","133"
"11193","1645","Dichlorophénol-2,3","20","MPOR","2","Vert","t","f","1","4","133"
"11194","1645","Dichlorophénol-2,3","20","MPOR","3","Jaune","t","f","4","7","133"
"11195","1645","Dichlorophénol-2,3","20","MPOR","4","Orange","t","f","7","10","133"
"11196","1645","Dichlorophénol-2,3","20","MPOR","5","Rouge","t","f","10","\N","133"
"11197","1486","Dichlorophenol-2,4","20","MPOR","1","Bleu","t","f","\N","1","133"
"11198","1486","Dichlorophenol-2,4","20","MPOR","2","Vert","t","f","1","4","133"
"11199","1486","Dichlorophenol-2,4","20","MPOR","3","Jaune","t","f","4","7","133"
"11200","1486","Dichlorophenol-2,4","20","MPOR","4","Orange","t","f","7","10","133"
"11201","1486","Dichlorophenol-2,4","20","MPOR","5","Rouge","t","f","10","\N","133"
"11202","1649","Dichlorophénol-2,5","20","MPOR","1","Bleu","t","f","\N","1","133"
"11203","1649","Dichlorophénol-2,5","20","MPOR","2","Vert","t","f","1","4","133"
"11204","1649","Dichlorophénol-2,5","20","MPOR","3","Jaune","t","f","4","7","133"
"11205","1649","Dichlorophénol-2,5","20","MPOR","4","Orange","t","f","7","10","133"
"11206","1649","Dichlorophénol-2,5","20","MPOR","5","Rouge","t","f","10","\N","133"
"11207","1648","Dichlorophénol-2,6","20","MPOR","1","Bleu","t","f","\N","1","133"
"11208","1648","Dichlorophénol-2,6","20","MPOR","2","Vert","t","f","1","4","133"
"11209","1648","Dichlorophénol-2,6","20","MPOR","3","Jaune","t","f","4","7","133"
"11210","1648","Dichlorophénol-2,6","20","MPOR","4","Orange","t","f","7","10","133"
"11211","1648","Dichlorophénol-2,6","20","MPOR","5","Rouge","t","f","10","\N","133"
"11212","1647","Dichlorophénol-3,4","20","MPOR","1","Bleu","t","f","\N","1","133"
"11213","1647","Dichlorophénol-3,4","20","MPOR","2","Vert","t","f","1","4","133"
"11214","1647","Dichlorophénol-3,4","20","MPOR","3","Jaune","t","f","4","7","133"
"11215","1647","Dichlorophénol-3,4","20","MPOR","4","Orange","t","f","7","10","133"
"11216","1647","Dichlorophénol-3,4","20","MPOR","5","Rouge","t","f","10","\N","133"
"11217","1646","Dichlorophénol-3,5","20","MPOR","1","Bleu","t","f","\N","1","133"
"11218","1646","Dichlorophénol-3,5","20","MPOR","2","Vert","t","f","1","4","133"
"11219","1646","Dichlorophénol-3,5","20","MPOR","3","Jaune","t","f","4","7","133"
"11220","1646","Dichlorophénol-3,5","20","MPOR","4","Orange","t","f","7","10","133"
"11221","1646","Dichlorophénol-3,5","20","MPOR","5","Rouge","t","f","10","\N","133"
"11222","1493","EDTA","20","MPOR","1","Bleu","t","f","\N","4","133"
"11223","1493","EDTA","20","MPOR","2","Vert","t","f","4","41","133"
"11224","1493","EDTA","20","MPOR","3","Jaune","t","f","41","410","133"
"11225","1493","EDTA","20","MPOR","4","Orange","t","f","410","2000","133"
"11226","1493","EDTA","20","MPOR","5","Rouge","t","f","2000","\N","133"
"11227","1199","Hexachlorobenzène","20","MPOR","1","Bleu","t","f","\N","0.00069999999999999999","133"
"11228","1199","Hexachlorobenzène","20","MPOR","2","Vert","t","f","0.00069999999999999999","0.0070000000000000001","133"
"11229","1199","Hexachlorobenzène","20","MPOR","3","Jaune","t","f","0.0070000000000000001","0.02","133"
"11230","1199","Hexachlorobenzène","20","MPOR","4","Orange","t","f","0.02","0.10000000000000001","133"
"11231","1199","Hexachlorobenzène","20","MPOR","5","Rouge","t","f","0.10000000000000001","\N","133"
"11232","1652","Hexachlorobutadiène","20","MPOR","1","Bleu","t","f","\N","0.01","133"
"11233","1652","Hexachlorobutadiène","20","MPOR","2","Vert","t","f","0.01","0.10000000000000001","133"
"11234","1652","Hexachlorobutadiène","20","MPOR","3","Jaune","t","f","0.10000000000000001","1","133"
"11235","1652","Hexachlorobutadiène","20","MPOR","4","Orange","t","f","1","6","133"
"11236","1652","Hexachlorobutadiène","20","MPOR","5","Rouge","t","f","6","\N","133"
"11237","1958","4-nonylphenols ramifiés","20","MPOR","1","Bleu","t","f","\N","0.033000000000000002","133"
"11238","1958","4-nonylphenols ramifiés","20","MPOR","2","Vert","t","f","0.033000000000000002","0.33000000000000002","133"
"11239","1958","4-nonylphenols ramifiés","20","MPOR","3","Jaune","t","f","0.33000000000000002","3.2999999999999998","133"
"11240","1958","4-nonylphenols ramifiés","20","MPOR","4","Orange","t","f","3.2999999999999998","21","133"
"11241","1958","4-nonylphenols ramifiés","20","MPOR","5","Rouge","t","f","21","\N","133"
"11242","1959","4-tert-Octylphenol","20","MPOR","1","Bleu","t","f","\N","0.01","133"
"11243","1959","4-tert-Octylphenol","20","MPOR","2","Vert","t","f","0.01","0.10000000000000001","133"
"11244","1959","4-tert-Octylphenol","20","MPOR","3","Jaune","t","f","0.10000000000000001","1","133"
"11245","1959","4-tert-Octylphenol","20","MPOR","4","Orange","t","f","1","90","133"
"11246","1959","4-tert-Octylphenol","20","MPOR","5","Rouge","t","f","90","\N","133"
"11247","1888","Pentachlorobenzene","20","MPOR","1","Bleu","t","f","\N","0.10000000000000001","133"
"11248","1888","Pentachlorobenzene","20","MPOR","2","Vert","t","f","0.10000000000000001","1","133"
"11249","1888","Pentachlorobenzene","20","MPOR","3","Jaune","t","f","1","10","133"
"11250","1888","Pentachlorobenzene","20","MPOR","4","Orange","t","f","10","100","133"
"11251","1888","Pentachlorobenzene","20","MPOR","5","Rouge","t","f","100","\N","133"
"11252","1235","Pentachlorophénol","20","MPOR","1","Bleu","t","f","\N","0.01","133"
"11253","1235","Pentachlorophénol","20","MPOR","2","Vert","t","f","0.01","0.10000000000000001","133"
"11254","1235","Pentachlorophénol","20","MPOR","3","Jaune","t","f","0.10000000000000001","1","133"
"11255","1235","Pentachlorophénol","20","MPOR","4","Orange","t","f","1","2","133"
"11256","1235","Pentachlorophénol","20","MPOR","5","Rouge","t","f","2","\N","133"
"11257","1271","Tétrachloroéthane-1,1,2,2","20","MPOR","1","Bleu","t","f","\N","14","133"
"11258","1271","Tétrachloroéthane-1,1,2,2","20","MPOR","2","Vert","t","f","14","42","133"
"11259","1271","Tétrachloroéthane-1,1,2,2","20","MPOR","3","Jaune","t","f","42","70","133"
"11260","1271","Tétrachloroéthane-1,1,2,2","20","MPOR","4","Orange","t","f","70","100","133"
"11261","1271","Tétrachloroéthane-1,1,2,2","20","MPOR","5","Rouge","t","f","100","\N","133"
"11262","1278","Toluene","20","MPOR","1","Bleu","t","f","\N","10","133"
"11263","1278","Toluene","20","MPOR","2","Vert","t","f","10","100","133"
"11264","1278","Toluene","20","MPOR","3","Jaune","t","f","100","1000","133"
"11265","1278","Toluene","20","MPOR","4","Orange","t","f","1000","1500","133"
"11266","1278","Toluene","20","MPOR","5","Rouge","t","f","1500","\N","133"
"11267","1284","Trichloroéthane-1,1,1","20","MPOR","1","Bleu","t","f","\N","13","133"
"11268","1284","Trichloroéthane-1,1,1","20","MPOR","2","Vert","t","f","13","130","133"
"11269","1284","Trichloroéthane-1,1,1","20","MPOR","3","Jaune","t","f","130","250","133"
"11270","1284","Trichloroéthane-1,1,1","20","MPOR","4","Orange","t","f","250","500","133"
"11271","1284","Trichloroéthane-1,1,1","20","MPOR","5","Rouge","t","f","500","\N","133"
"11272","1286","Trichloroéthylène","20","MPOR","1","Bleu","t","f","\N","1.8","133"
"11273","1286","Trichloroéthylène","20","MPOR","2","Vert","t","f","1.8","12","133"
"11274","1286","Trichloroéthylène","20","MPOR","3","Jaune","t","f","12","20","133"
"11275","1286","Trichloroéthylène","20","MPOR","4","Orange","t","f","20","200","133"
"11276","1286","Trichloroéthylène","20","MPOR","5","Rouge","t","f","200","\N","133"
"11277","1630","Trichlorobenzène-1,2,3","20","MPOR","1","Bleu","t","f","\N","0.29999999999999999","133"
"11278","1630","Trichlorobenzène-1,2,3","20","MPOR","2","Vert","t","f","0.29999999999999999","3","133"
"11279","1630","Trichlorobenzène-1,2,3","20","MPOR","3","Jaune","t","f","3","25","133"
"11280","1630","Trichlorobenzène-1,2,3","20","MPOR","4","Orange","t","f","25","50","133"
"11281","1630","Trichlorobenzène-1,2,3","20","MPOR","5","Rouge","t","f","50","\N","133"
"11282","1283","Trichlorobenzène-1,2,4","20","MPOR","1","Bleu","t","f","\N","0.29999999999999999","133"
"11283","1283","Trichlorobenzène-1,2,4","20","MPOR","2","Vert","t","f","0.29999999999999999","3","133"
"11284","1283","Trichlorobenzène-1,2,4","20","MPOR","3","Jaune","t","f","3","25","133"
"11285","1283","Trichlorobenzène-1,2,4","20","MPOR","4","Orange","t","f","25","50","133"
"11286","1283","Trichlorobenzène-1,2,4","20","MPOR","5","Rouge","t","f","50","\N","133"
"11287","1629","Trichlorobenzène-1,3,5","20","MPOR","1","Bleu","t","f","\N","0.29999999999999999","133"
"11288","1629","Trichlorobenzène-1,3,5","20","MPOR","2","Vert","t","f","0.29999999999999999","3","133"
"11289","1629","Trichlorobenzène-1,3,5","20","MPOR","3","Jaune","t","f","3","25","133"
"11290","1629","Trichlorobenzène-1,3,5","20","MPOR","4","Orange","t","f","25","50","133"
"11291","1629","Trichlorobenzène-1,3,5","20","MPOR","5","Rouge","t","f","50","\N","133"
"11292","1643","Trichlorophénol-2,3,5","20","MPOR","1","Bleu","t","f","\N","0.050000000000000003","133"
"11293","1643","Trichlorophénol-2,3,5","20","MPOR","2","Vert","t","f","0.050000000000000003","0.5","133"
"11294","1643","Trichlorophénol-2,3,5","20","MPOR","3","Jaune","t","f","0.5","2.2000000000000002","133"
"11295","1643","Trichlorophénol-2,3,5","20","MPOR","4","Orange","t","f","2.2000000000000002","4","133"
"11296","1643","Trichlorophénol-2,3,5","20","MPOR","5","Rouge","t","f","4","\N","133"
"11297","1642","Trichlorophénol-2,3,6","20","MPOR","1","Bleu","t","f","\N","0.050000000000000003","133"
"11298","1642","Trichlorophénol-2,3,6","20","MPOR","2","Vert","t","f","0.050000000000000003","0.5","133"
"11299","1642","Trichlorophénol-2,3,6","20","MPOR","3","Jaune","t","f","0.5","2.2000000000000002","133"
"11300","1642","Trichlorophénol-2,3,6","20","MPOR","4","Orange","t","f","2.2000000000000002","4","133"
"11301","1642","Trichlorophénol-2,3,6","20","MPOR","5","Rouge","t","f","4","\N","133"
"11302","1548","Trichlorophenol-2,4,5","20","MPOR","1","Bleu","t","f","\N","0.050000000000000003","133"
"11303","1548","Trichlorophenol-2,4,5","20","MPOR","2","Vert","t","f","0.050000000000000003","0.5","133"
"11304","1548","Trichlorophenol-2,4,5","20","MPOR","3","Jaune","t","f","0.5","2.2000000000000002","133"
"11305","1548","Trichlorophenol-2,4,5","20","MPOR","4","Orange","t","f","2.2000000000000002","4","133"
"11306","1548","Trichlorophenol-2,4,5","20","MPOR","5","Rouge","t","f","4","\N","133"
"11307","1549","Trichlorophénol-2,4,6","20","MPOR","1","Bleu","t","f","\N","0.050000000000000003","133"
"11308","1549","Trichlorophénol-2,4,6","20","MPOR","2","Vert","t","f","0.050000000000000003","0.5","133"
"11309","1549","Trichlorophénol-2,4,6","20","MPOR","3","Jaune","t","f","0.5","2.2000000000000002","133"
"11310","1549","Trichlorophénol-2,4,6","20","MPOR","4","Orange","t","f","2.2000000000000002","4","133"
"11311","1549","Trichlorophénol-2,4,6","20","MPOR","5","Rouge","t","f","4","\N","133"
"11312","1723","Trichlorophénol-3,4,5","20","MPOR","1","Bleu","t","f","\N","0.050000000000000003","133"
"11313","1723","Trichlorophénol-3,4,5","20","MPOR","2","Vert","t","f","0.050000000000000003","0.5","133"
"11314","1723","Trichlorophénol-3,4,5","20","MPOR","3","Jaune","t","f","0.5","2.2000000000000002","133"
"11315","1723","Trichlorophénol-3,4,5","20","MPOR","4","Orange","t","f","2.2000000000000002","4","133"
"11316","1723","Trichlorophénol-3,4,5","20","MPOR","5","Rouge","t","f","4","\N","133"
"11317","1293","Xylène-méta","20","MPOR","1","Bleu","t","f","\N","0.10000000000000001","133"
"11318","1293","Xylène-méta","20","MPOR","2","Vert","t","f","0.10000000000000001","1","133"
"11319","1293","Xylène-méta","20","MPOR","3","Jaune","t","f","1","10","133"
"11320","1293","Xylène-méta","20","MPOR","4","Orange","t","f","10","1000","133"
"11321","1293","Xylène-méta","20","MPOR","5","Rouge","t","f","1000","\N","133"
"11322","1292","Xylène-ortho","20","MPOR","1","Bleu","t","f","\N","0.10000000000000001","133"
"11323","1292","Xylène-ortho","20","MPOR","2","Vert","t","f","0.10000000000000001","1","133"
"11324","1292","Xylène-ortho","20","MPOR","3","Jaune","t","f","1","10","133"
"11325","1292","Xylène-ortho","20","MPOR","4","Orange","t","f","10","1000","133"
"11326","1292","Xylène-ortho","20","MPOR","5","Rouge","t","f","1000","\N","133"
"11327","1294","Xylène-para","20","MPOR","1","Bleu","t","f","\N","0.10000000000000001","133"
"11328","1294","Xylène-para","20","MPOR","2","Vert","t","f","0.10000000000000001","1","133"
"11329","1294","Xylène-para","20","MPOR","3","Jaune","t","f","1","10","133"
"11330","1294","Xylène-para","20","MPOR","4","Orange","t","f","10","1000","133"
"11331","1294","Xylène-para","20","MPOR","5","Rouge","t","f","1000","\N","133"
"10457","1335","Ammonium","9","MOOX","1","Bleu","t","f","\N","0.5","162"
"10458","1335","Ammonium","9","MOOX","2","Vert","t","f","0.5","1.5","162"
"10459","1335","Ammonium","9","MOOX","3","Jaune","t","f","1.5","2.7999999999999998","162"
"10460","1335","Ammonium","9","MOOX","4","Orange","t","f","2.7999999999999998","4","162"
"10461","1335","Ammonium","9","MOOX","5","Rouge","t","f","4","\N","162"
"10467","1335","Ammonium","10","AZOT","1","Bleu","t","f","\N","0.10000000000000001","162"
"10468","1335","Ammonium","10","AZOT","2","Vert","t","f","0.10000000000000001","0.5","162"
"10469","1335","Ammonium","10","AZOT","3","Jaune","t","f","0.5","2","162"
"10470","1335","Ammonium","10","AZOT","4","Orange","t","f","2","5","162"
"10471","1335","Ammonium","10","AZOT","5","Rouge","t","f","5","\N","162"
"10573","1369","Arsenic","16","MPMI","1","Bleu","t","f","\N","1","133"
"10574","1369","Arsenic","16","MPMI","2","Vert","t","f","1","35","133"
"10575","1369","Arsenic","16","MPMI","3","Jaune","t","f","35","70","133"
"10576","1369","Arsenic","16","MPMI","4","Orange","t","f","70","100","133"
"10577","1369","Arsenic","16","MPMI","5","Rouge","t","f","100","\N","133"
"10534","1374","Calcium","14","MINE","5","Rouge","t","f","500","\N","162"
"10652","1382","Plomb","16","MPMI","5","Rouge","t","f","50","\N","133"
"10659","1383","Zinc","16","MPMI","2","Vert","t","f","1.3999999999999999","14","133"
"10660","1383","Zinc","16","MPMI","3","Jaune","t","f","14","140","133"
"10661","1383","Zinc","16","MPMI","4","Orange","t","f","140","330","133"
"10662","1383","Zinc","16","MPMI","5","Rouge","t","f","330","\N","133"
"10597","1389","Chrome","16","MPMI","5","Rouge","t","f","50","\N","133"
